Weight,Word
1,glory
7,strong
3,lord
2,q
12,murder
14,georgefloyd
5,hacker
14,group
19,anonymous
5,takes
83,police
3,servers
3,exposes
36,trump
8,celebrities
4,talks
3,bolsonaro
3,icantbreathe
5,justiceforgeorgefloyd
19,blacklivesmatter
5,k
5,biden
1,staffers
1,scramble
1,funnel
9,bail
8,money
6,rioters
30,said
96,black
21,lives
5,mattuhh
22,love
2,holy
1,smokes
1,nicki
3,favorite
1,barbz
1,thankful
8,fighting
27,want
9,tomorrow
2,thug
63,like
48,white
105,people
1,struggling
8,find
4,words
14,racism
5,injustice
5,called
6,system
2,sitting
5,breaking
10,left
25,right
64,amp
1,centre
4,non
101,-
3,poc
38,know
15,feel
15,bad
3,guilt
35,time
1,pity
4,party
3,promise
25,going
23,good
2,ally
26,let
5,speak
18,support
1,boost
5,voices
11,come
14,watch
6,lose
3,pretty
2,gear
3,rate
8,link
2,bio
2,twitch
2,twitchstreamer
1,gamer
1,pc
1,pcgaming
1,twitchaffiliate
2,streamer
3,games
1,fpsgames
1,gamerdad
1,gamingsetups
1,oof
1,pleb
1,eft
1,escapefromtarkov
2,fun
1,okayestgamer
9,hey
9,underground
16,bunker
8,wanna
15,talk
6,buddy
1,lmfaooooooooooooooooooooooooooooooooo
4,bitches
5,open
4,mouth
1,dick
3,closed
3,issues
1,horse
4,girls
1,command
1,toss
4,mf
3,backs
1,snapchat
5,sending
2,dms
4,speaks
4,volumes
7,girl
3,poking
5,head
2,smiling
3,waving
14,cops
1,shutting
1,freeways
14,city
8,use
1,struggles
2,dumb
3,lil
1,fanwars
1,hang
21,today
22,new
2,york
22,man
4,crying
4,santa
2,monica
4,blocking
2,exits
3,arrests
1,hide
3,safety
7,leave
4,area
1,repeat
17,safe
5,careful
13,tear
8,gas
4,rubber
4,bullets
1,remind
5,happened
3,earlier
8,month
7,saw
1,muslim
11,guy
1,bombed
6,killed
3,stole
1,cap
6,lol
4,air
4,force
13,1
2,destroyed
1,swooshes
4,ok
1,google
2,nick
2,cannon
4,lupus
15,protesting
6,covid
4,comments
4,ai
10,nt
2,contagious
6,mean
2,comprehension
3,skills
10,actually
3,teaching
7,yall
6,example
5,tweeting
6,change
21,shit
1,plz
7,thinking
23,protests
1,chile
2,caused
2,hundreds
5,eye
5,damage
1,prevent
4,began
4,wear
3,protective
1,glasses
8,protect
1,motivate
13,better
3,everyday
1,practicing
1,hand
11,stand
1,push
2,ups
2,amazon
6,came
2,fb
1,tagged
1,web
7,means
4,website
1,visit
4,app
1,ie
5,petition
1,redirects
1,weird
4,location
3,probably
2,site
3,log
4,account
1,sites
2,server
6,kill
4,burn
16,violence
5,tired
14,peace
4,loud
9,heard
2,longer
3,raise
5,hell
5,ground
5,dont
10,life
4,matters
3,energy
1,amyamongus
1,cast
1,amy
3,cooper
4,victim
1,reaction
5,calling
2,christian
11,2
11,3
1,suffered
6,4
1,fill
1,blank
4,awesome
2,gives
2,content
1,temping
1,fuckthepolice
4,film
21,need
1,abolish
2,critical
9,donate
15,help
13,protestors
16,jail
6,getting
1,angry
2,directly
1,governments
4,pockets
2,sharing
2,caring
1,covid19
2,potential
1,reaches
2,soo
4,high
12,ssmb27
16,sarkaruvaaripaata
8,oh
9,god
10,went
9,making
13,stay
7,home
3,tyranny
13,curfew
7,outside
8,week
1,image
1,background
12,minneapolis
5,looks
1,russian
1,based
1,figure
17,media
1,outlet
1,microphone
1,related
3,working
1,field
4,cnn
1,conjunction
1,ygladies
1,blackjack
8,community
3,fan
3,duty
1,staffs
2,co
2,blackjacks
1,behalf
1,2ne1
1,ygl
2,donated
1,ongoing
12,fight
1,columbus
2,pepper
1,spraying
22,peaceful
4,unarmed
4,sit
4,telling
1,bible
2,teaches
5,violent
1,route
2,lie
11,asked
11,matter
3,grew
1,household
3,asian
1,epitome
3,supporter
4,posted
1,disrespectful
8,taking
1,knee
1,eventually
3,sir
2,turns
6,ending
5,controversial
5,lmaoooo
5,disagreement
12,stop
2,unjust
1,opinions
2,valid
1,hides
6,away
1,49
2,retweets
5,set
4,happens
2,purpose
1,wind
1,fema
1,camps
9,way
4,update
8,follow
1,episode
3,coming
6,soon
1,sidewalk
9,ppl
1,rocks
1,throw
1,dats
8,cop
21,think
2,won
2,trade
3,flint
2,tory
2,lanez
2,provided
9,free
2,entertainment
2,public
4,quarantine
6,putting
2,cash
2,showcase
2,individual
2,talents
7,rich
2,criticizing
2,riots2020
2,confuse
2,west
3,philly
5,rest
2,nother
11,place
2,relation
2,fools
2,robbing
5,dollar
5,store
2,islamics
2,oils
6,stores
2,phillyriots
2,lines
8,folks
6,showing
6,bet
9,cause
4,unity
5,beautiful
4,incredible
3,scene
2,colorado
3,capitol
5,thousands
29,protesters
6,lying
11,face
10,hands
3,chanting
5,breathe
3,9
2,mins
2,copolitics
2,denverprotest
10,spread
4,lost
4,track
5,videos
6,seen
3,intentionally
3,escalating
2,situations
2,incite
2,intentional
4,harm
2,terrifying
15,care
2,videotaped
6,anymore
3,protected
1,waiting
2,appear
5,tv
1,interrupt
1,programs
1,usa
9,fake
18,president
4,true
1,hater
1,minorities
1,aaaaah
1,bias
1,inspiration
1,idiocy
5,looking
3,forward
1,diving
1,gem
1,verify
1,antis
1,spreading
1,doubts
4,unfollow
5,block
4,trust
1,belong
2,tl
1,ruined
1,artistry
8,night
2,madison
1,announced
7,arresting
2,loot
1,buildings
1,strictly
1,enforcing
1,ban
1,catholic
1,churches
3,having
1,50
1,worshippers
2,mass
3,sink
1,second
3,interesting
1,experiment
7,retweet
6,bitch
7,tweets
1,violates
1,twitters
1,tos
4,report
13,twitter
1,deletes
8,sure
2,constitution
1,lmfaooooooooooo
2,course
5,criminal
2,activity
5,innocent
5,gave
2,choice
2,provide
1,alotta
6,wo
1,fn
10,word
7,pay
5,attention
1,carat
4,ask
1,tips
2,leadership
1,seungcheol
1,compliment
8,tell
5,members
2,leader
1,seventeen
1,scoups
2,arizona
4,groups
2,im
1,praying
4,black_lives_matters
4,black_lives_matter
2,captain
22,america
1,bastard
1,awake
14,_
1,patently
2,red
2,orange
2,green
1,zones
4,gone
1,reappear
1,offices
1,meaning
1,containmentzones
1,redzone
1,covid19india
1,unlock1
9,work
1,workingfromhome
1,jobs
5,maga
3,counter
1,shown
2,huntington
3,beach
2,attacking
14,blm
34,protest
2,passwords
1,password
1,dude
4,wtf
10,literally
4,walking
12,u
4,defend
9,gon
8,na
1,difference
1,mcm
1,leaves
6,read
1,eagerly
10,forget
6,vote
1,summerxfiend
1,myxphlivewithjadine
4,watching
1,livestream
4,watched
2,fire
2,peacefully
2,gathered
4,kneeling
9,street
1,billions
2,georgefloydprotests
1,dontshoot
15,live
4,window
4,downtown
4,boston
3,bostonprotest
1,wearehurt
1,wearetired
1,weareinthistogether
6,woke
7,morning
1,reasonably
1,successful
2,college
5,educated
15,woman
3,bed
2,member
27,antifa
1,loathe
4,fascism
4,feeling
8,ass
2,respect
3,cowardly
2,condemning
3,ignore
1,certain
3,extremist
6,far
2,encouraging
2,followers
1,telegram
5,facebook
1,undermines
8,law
8,order
1,zach
1,lavine
8,5
1,pure
1,scorer
1,basketball
5,rn
3,mind
2,boardwalk
1,chant
2,atlantic
1,plaza
1,slated
1,demolition
4,fact
1,unpronounceable
2,section
3,speech
1,utter
1,syllable
1,usher
1,apocalypse
2,congratulations
1,dna1bparty
3,appreciate
1,skill
1,orator
5,listen
5,individuals
1,extend
1,israel
11,m
1,knees
3,pushed
14,officer
3,fort
3,lauderdale
3,amazing
1,parlay
1,lookin
1,desi
4,w
5,job
2,tamir
2,rice
8,murderer
3,mike
4,brown
2,trayvon
3,martin
3,eric
2,gardner
3,sandra
3,bland
4,murderers
3,philando
2,castile
4,breonna
4,taylor
1,treat
1,treating
2,explain
5,works
5,guys
3,level
3,nature
2,politics
9,best
8,men
1,elected
1,govern
1,fellowmen
1,--george
1,macdonald
1,1800s
3,meet
2,baekhyun
2,mbc
2,radio
4,youtube
1,channel
1,2pm
1,kst
1,b0zyj93qtg
2,exo
1,weareoneexo
1,delight
1,candy
1,baekhyun_candy
2,thought
1,cheats
1,melanie
3,goes
1,i-
1,hoist
1,petard
2,brain
1,fried
1,grand
1,finals
3,showed
1,muslims
7,officers
6,involved
1,trial
3,charged
1,justiceforfloyd
1,justicebringspeace
1,kno
5,countries
3,laughing
4,government
1,nun
1,awful
1,fascist
1,dictator
4,wait
6,blue
1,collar
8,truck
6,driver
3,tried
2,save
1,lynch
2,mob
3,thanks
1,anne
4,reason
8,shoot
1,higher
1,fr
1,nudes
3,close
9,thing
3,timeline
1,ugh
1,kansas
2,cover
3,sports
3,uk
20,racist
1,italy
3,france
1,norway
9,country
1,choosing
1,obvious
2,present
6,rt
1,online
3,silence
3,silent
1,instigating
2,organizing
8,riots
3,screen
2,capture
1,helpful
1,prosecution
1,cloud
1,sponsored
1,deleted
1,messages
2,download
1,status
3,different
7,houston
4,brooklyn
4,2016
14,lot
1,mainstream
1,gospel
1,artists
1,lootin
6,damn
1,goodwill
2,bring
3,tax
1,credit
2,donating
4,release
4,streets
4,crime
2,list
2,monitoring
13,thread
2,agree
2,given
5,threat
7,problem
3,caucasian
2,create
3,equality
3,walk
1,shoes
1,organize
1,sacrifice
1,minimum
1,reparations
1,scores
4,bar
3,mpls
1,rebuild
1,informed
6,days
7,ago
1,literal
4,dead
1,unjustly
7,murdered
1,convince
2,brutality
22,fuck
4,end
23,day
3,simply
4,hate
4,stolen
1,land
4,sorry
1,kitty
1,asmr
12,happy
1,gotten
1,19th
1,wary
1,specials
3,major
8,news
1,networks
5,able
14,remember
10,wish
1,vocal
1,secondary
4,school
1,slide
11,year
1,written
5,history
9,children
1,events
2,embarrassing
1,uncomfortable
2,goodmorning
1,complete
1,coherent
1,sentence
1,aye
2,question
2,answers
1,fightin
1,nothin
1,goin
4,took
2,sunday
1,flaring
1,largely
1,demonstrations
2,fueled
1,killings
1,threw
2,idk
4,maybe
4,space
1,unemployment
2,corona
4,virus
15,got
8,world
3,argue
2,ignorant
5,run
1,kexin
1,xinxue
2,vid
9,okay
1,oakaydk
4,disgusting
3,everybody
2,mood
6,human
7,rights
1,palestine
1,palestinianlivesmatter
8,protests2020
4,starting
2,ig
1,xo
5,shut
1,fresh
2,prince
1,hbomax
1,greatest
1,gift
1,received
6,business
1,vandalized
1,consider
4,destroying
1,upset
1,solve
4,homes
1,review
3,la
1,chinoise
4,semi
3,tanker
2,flying
2,minnesota
1,freeway
1,bigoted
6,small
2,town
2,fl
2,surrounded
11,family
14,friends
6,saying
6,n
2,seriously
1,remained
2,reality
3,educate
6,blame
1,enviromemt
1,upbringing
3,deep
3,realize
1,orthodox
3,faith
1,venerate
3,middle
1,eastern
1,polynesian
1,saints
3,asking
1,intercession
2,mental
3,health
6,check
2,fear
1,anger
3,worry
1,sacred
9,boy
8,social
1,step
1,awhile
1,chenle
1,organizations
2,visions
2,collective
1,reclaim
2,north
3,star
4,links
2,resources
1,seek
3,id
4,thugs
2,attacked
3,elderly
2,husband
11,trying
2,rochester
15,share
1,phase
1,slandered
3,dark
8,women
3,rape
1,victims
5,8
1,18
2,28
1,deceiver
1,illuminati
1,devil
1,cellphone
2,carry
1,computer
1,manipulating
1,deceiving
1,tempting
2,falling
2,mom
2,grandma
1,foremost
1,renisha
1,mcbride
2,millions
1,transgender
4,helping
5,baby
5,lay
1,poeapplemusicteam
1,replay
1,delay
1,militants
1,ghone
1,room
1,improvement
5,wrong
2,yes
1,pictures
1,today-
4,20
3,raleigh
1,orders
2,guns
2,size
1,subway
1,suspected
1,counterfeit
5,bill
1,evil
2,tn
2,memphis
1,code
2,jimbo
1,2yo
2,sweet
1,pleading
6,little
2,cute
1,fella
1,homeless
1,unwanted
1,longing
7,pls
1,adopt
1,pledge
1,foster
1,rescue
1,a323030
2,annonymous
4,student
3,loans
1,minister
1,karl
1,samuda
8,says
1,underlying
5,teachers
1,similar
2,problems
1,attend
1,jacovid19
1,dragged
5,100
3,chris
1,wallace
1,legally
1,designated
10,terrorist
2,organized
2,guess
1,smarter
1,prz
3,ag
1,fox
2,rid
1,idiot
1,nigh
8,june
5,14
2,begin
2,following
3,30
6,2020
6,clear
6,12
3,dog
3,attack
1,affraid
10,understand
2,attacks
1,ages
1,europeans
1,invent
2,basics
1,technologically
1,intellectually
1,alleged
1,renaissance
4,slaves
3,built
1,immigrants
1,despise
2,technology
5,earth
1,possess
1,somebody
1,brutally
7,beat
1,older
4,protecting
4,looters
2,assault
1,blows
1,2x4
1,reportedly
2,ny
2,forgot
4,mask
1,gassy
1,giant
4,campaign
2,staff
1,donates
1,spring
1,pos
2,running
1,democrats
2,chaos
2,continue
3,start
1,drainingthusyuuugeswamp
9,national
6,guard
1,dtla
1,trippin
1,remembered
1,grandpa
1,welp
1,hunt
1,shenanigans
1,minecraft
1,dungeons
2,till
3,rock
12,hope
1,antifaterrorist
1,intimacy
1,understood
2,organizers
2,activists
2,bodies
9,line
1,defendblacklives
5,action
3,fund
6,funds
4,paying
1,fees
1,medial
1,expenses
3,ways
5,places
5,times
5,long
3,driving
3,tags
9,car
2,dropping
2,flammable
2,substances
2,random
6,state
24,justice
4,believe
1,unstoppable
1,bond
3,hi
1,pahelp
1,naman
1,ko
1,sumali
1,sa
1,gantong
1,race
1,lang
1,wala
1,pang
1,limang
1,minuto
7,ur
1,gurl
1,fam
15,real
5,department
2,reform
8,killing
5,held
3,accountable
5,found
4,guilty
4,punished
12,person
5,custody
3,investigated
1,proper
1,zombie
1,hehehe
1,pandora
1,keen
2,literacy
1,numeracy
1,lantite
2,pass
1,entry
1,requirement
1,ite
1,final
1,hurdle
1,stands
1,appears
1,box
1,ticking
1,venture
1,designed
2,impact
1,enrolment
2,numbers
3,properly
5,seeing
1,quotes
1,fred
2,rogers
4,look
1,helpers
1,centered
5,past
2,recognize
3,mother
1,passed
3,audience
3,mfs
1,stilllll
6,rioting
1,ee
2,speed
1,saripodhu
1,atleast
1,chesina
1,reach
4,target
3,max
2,clicked
2,accident
5,wanted
1,kind
2,soul
1,brings
3,happiness
1,existence
1,itachi
1,uchiha
10,years
5,stuff
4,happening
2,sight
1,marched
2,pink
1,pussy
2,hat
6,americans
1,feminism
1,intersectional
1,performance
4,bullshit
4,light
1,cigarette
2,beneath
2,stars
3,btw
3,cases
2,explode
2,exponentially
2,imma
3,suspicious
1,demented
1,crowdfund
1,62
4,crazy
7,post
1,emojis
3,y
6,talking
4,united
7,states
2,designating
5,organization
2,song
4,makes
1,unconditionally
3,sad
1,accusations
3,fans
1,ian
1,petty
1,palaye
4,situation
1,surah
1,yusuf
2,patience
1,endings
3,biggest
1,exposed
1,royalty
1,proving
1,princess
2,diana
1,tapes
1,record
1,confirming
1,carlos
1,involvement
1,sex
2,trafficking
2,crown
1,fuuuuuuuuuuuuuuuuuuuuuuuuuuuuuuuuck
2,utterly
1,useless
1,deadly
3,fbi
1,seized
23,george
1,soros
1,computers
3,nationwide
1,raid
1,battle
1,dress
6,imagine
1,freakout
4,democrat
2,leaders
1,payoffs
1,kickbacks
1,politicians
2,records
4,barr
1,recuse
4,immediately
19,floyd
10,case
1,objectively
1,investigate
5,told
1,reporters
6,photo
3,holding
3,book
1,voiced
1,opposition
1,desperate
2,helps
1,disliking
1,coz
2,yo
3,shooting
2,clearly
1,marked
1,medics
1,tampaprotests
1,joy
3,x
1,jam
1,tv3gh
1,4syte
1,pokkiri
3,minutes
1,cross
1,thalapathymonthbegins
1,master
1,predictive
1,programming
1,zone
1,eat
13,looting
1,lmfaooooo
1,stfu
3,coronavirus
3,india
3,china
2,plans
3,form
1,d10
3,pakistan
1,plane
2,crash
1,canadian
1,jet
4,hong
4,kong
1,cyclone
1,amphan
3,michigan
1,flooding
1,ends
3,relationship
1,nasa
1,spacex
2,launch
2,s
1,resident
1,reports
1,gasoline
1,stashed
1,areas
1,riverview
1,theater
1,nokomis
1,library
1,alley
3,possible
1,darkness
3,gets
1,darker
1,shines
1,brighter
1,unitedwestand
1,unitednotdivided
7,acting
2,scare
3,evidence
3,shows
1,vaccine
6,death
1,rare
5,names
1,refer
1,hateful
1,lunatic
1,choices
2,poor
1,undercovers
3,miami
2,r
5,wearing
1,silver
1,bracelets
1,understandable
1,publicity
1,bigat
1,spends
6,billion
1,militarizing
1,80
1,incarceration
1,largest
2,budget
1,item
1,funding
1,prisons
1,detroit
5,kids
1,access
5,water
1,equity
4,birthday
1,stayed
1,arizonaaa
1,bud
1,bloom
1,fragrance
1,outlook
2,perspective
1,mondaythoughts
2,moment
4,security
2,forces
4,act
2,firing
3,squad
3,young
6,anti
2,execution
8,sign
2,icanbreathe
1,pinker
3,legit
1,mi
1,nuh
1,sumn
2,jr
2,smith
1,whiteboys
3,broke
1,chased
1,whooped
1,center
3,district
2,attorney
1,tom
1,durden
2,ahmaud
2,arbery
1,maud
1,precisely
2,cix
1,3rd
1,ep
1,album
4,hello
1,chapter
2,strange
1,scheduler
1,bx
1,hellostrangetime
1,sens
1,van
1,hollen
3,d
1,md
1,pat
1,toomey
1,pa
1,pushing
1,targets
5,chinese
2,officials
2,banks
1,retaliation
1,moves
1,autonomy
8,g
2,dion
1,johnsons
1,gofundme
2,page
1,rounded
2,asap
5,citizens
2,communities
1,terrorized
2,mobs
5,issue
1,amemmmmmmmmmmm
2,posting
1,inbetween
4,instagram
1,stories
1,gifts
1,pool
1,cocktails
1,bless
2,verdict
2,instead
2,abuse
2,heartbreaking
1,types
3,coercion
2,aware
1,-seductive
1,-hard
1,dissuade
1,population
2,continuing
6,riot
1,revolt
2,fought
2,multiple
1,regimes
1,decade
7,great
2,joe
1,announce
1,vp
4,pick
1,vandalize
8,things
1,stopping
6,story
7,epstein
1,alec
1,baldwin
1,tony
1,blair
1,bloomberg
1,dustin
1,hoffman
1,mick
1,jagger
1,rupert
1,murdoch
2,kevin
1,spacey
1,naomi
3,campbell
1,shaking
1,tables
1,silenced
1,voiceless
2,wwg1wga
1,progress
1,steps
3,governor
1,walz
3,respond
1,board
1,revoke
3,enforcement
1,licenses
1,reject
2,attempt
1,criminalize
2,sister
12,arrested
2,bunch
2,stupid
2,dallas
5,bc
6,chief
1,psychic
8,pandemic
3,worse
2,worked
1,vision
1,infects
1,cripple
2,economy
1,tone
1,antone
1,breath
1,bobby
1,shmurda
1,december
1,season
1,finale
1,cringe
1,excessive
2,restore
1,blmprotest
1,austinprotests
2,focus
2,criminals
2,racists
1,positions
5,power
1,courageous
1,opposing
3,buy
1,spin
2,document
1,yess
1,motherfuckers
26,fucking
3,quick
1,rumbita
1,con
1,laurel
2,wreath
2,vinyl
2,stickers
1,naturecuts
1,vinylstickers
2,sticker
1,decals
2,event
2,wedding
1,babyshower
1,favors
1,decoration
1,partysupplies
1,laurelwreath
1,garden
7,big
2,hug
1,dhfm
1,continously
1,participating
3,trend
1,mee
1,abhimaananiki
1,bow
1,kangaroo
1,court
2,failed
3,impeached
1,demonrats
1,indicted
2,crimes
1,shitposting
2,marching
1,witnessed
5,hit
2,lapd
1,television
1,meant
3,tag
6,10
1,break
1,chain
2,serve
2,information
4,notice
1,narcissist
1,cocoon
1,strongman
1,routine
1,feared
7,shall
3,expect
1,disagree
3,apples
1,inordinate
1,stress
1,challenge
1,emotionally
2,fit
1,despises
1,respects
1,color
2,dear
1,lib
1,hacks
1,trained
1,professionals
4,secret
4,service
1,ironic
1,piling
2,considering
1,diapers
1,prepping
1,storm
2,door
1,cowards
1,pillow
1,expectation
2,dad
1,demand
7,arrest
1,fleet
1,irls
4,finally
8,video
2,sis
1,triggering
1,petitions
1,genesee
4,county
2,sheriff
1,swanson
1,helmet
1,baton
2,chanted
2,joined
1,walked
1,alongside
5,solidarity
3,florida
2,lawyers
2,willing
2,represent
6,pro
2,bono
2,dr
2,umar
2,points
1,queen
2,myth
1,bighit
2,ads
1,armys
4,ones
1,company
1,dddd
2,platform
3,claiming
3,exactly
3,slavery
2,ended
2,sang
2,kumbaya
2,plantation
2,owners
2,felt
2,born
1,taught
4,learn
3,unlearn
2,teach
1,gta5
4,fast
1,asf
1,scrimmages
2,bird
1,shitted
1,meal
6,needs
1,trials
1,humanity
3,jared
1,enabler
1,proportionately
1,completely
1,deserted
1,navajo
3,nation
4,die
4,pain
3,starts
1,removing
2,accounts
1,tied
1,product
1,jhene
1,arguing
2,identify
1,33
1,distancing
1,lucy
1,gray
1,baird
1,yeehaw
3,katniss
1,everdeen
1,ballroom
1,widespread
1,gassing
6,crowd
1,splitting
1,mayor
1,council
1,republicans
1,voting
6,important
3,decades
1,international
1,concepts
1,hampton
1,unfinished
1,square
1,coffee
1,table
1,homestyledepot
3,masks
1,sanitizer
1,peole
1,highest
1,risks
1,recieve
2,horrible
2,medical
1,ummm
2,bratz
2,statement
2,celeb
1,holds
1,honor
4,game
1,pumped
5,hours
1,liking
1,thankfully
4,stopped
2,curfews
4,tonight
8,american
5,cities
2,count
1,brian
1,williams
1,msnbc
1,mlk
1,assassination
2,1968
1,sums
1,oblivious
1,untouched
1,cheerfully
1,camera
2,totally
1,unaware
1,violated
1,barreled
4,rushed
2,local
1,injuries
1,ccs
1,diplomatic
3,military
1,dialogues
1,currently
2,resolved
6,point
3,anniversary
1,goodomens
1,miniseries
1,goodomens30
1,goodomensfanart
4,church
1,sexual
1,i-35w
2,setup
1,uh
1,intersection
1,lasalle
1,ohio
1,chicagoprotests
1,chicagoscanner
1,chocolate
1,hole
1,tree
4,picture
2,easy
2,trillion
2,dollars
2,economic
2,spending
1,cost
8,shot
2,short
2,supports
1,cape
1,canaveral
1,write
1,chalkbord
1,planning
4,jesus
1,dawg
1,pregnant
6,taken
2,try
1,discredit
4,actions
1,-someone
2,doesnt
1,verbal
1,substance
1,rahul
1,gandhi
1,2024
2,punks
1,receive
2,treatment
4,movement
1,naacp
4,war
4,living
1,dying
1,brother
3,hearing
2,sick
1,stomach
1,empathize
1,onlypovs
1,ocala
2,proud
3,protested
1,whitesilenceisviolence
1,saytheirnames
1,interested
1,supposedly
1,deleting
1,involving
1,randomly
2,later
2,dirt
1,shits
1,coincidence
1,clowns
1,opdeatheaters
1,leap
1,urban
1,outfitters
2,arrive
1,statistics
2,whites
1,minority
1,corse
2,racial
1,profiling
1,plain
4,play
2,huh
3,pride
2,trans
1,marsha
1,p
2,johnson
1,pridemonth
1,nooo
2,swat
1,tampa
1,floridians
1,breed
1,ong
1,disgraceful
1,bricks
1,thrown
1,bpd
1,dtx
1,futures
2,session
1,lows
1,briefly
1,pause
1,campaigns
3,destruction
1,robinhood
1,apps
1,dip
3,insurrection
4,anarchy
3,governors
4,send
4,legal
2,predicate
2,potentially
3,regular
1,corporation
1,proclaiming
1,pr
1,disregarding
1,violations
2,committed
2,corporations
1,textbooks
1,counties
1,print
10,single
2,spend
1,education
1,parks
1,services
1,budgets
4,cut
1,continues
2,rise
1,hoooo
1,reallyyyyy
11,redacted
1,pennywise
1,mantep
6,thank
1,termination
3,charges
1,filed
1,ohh
4,yeah
1,scanner
1,arch
3,1st
1,studios
1,hollywood
2,started
1,canada
1,puppy
1,toes
1,rainbows
2,montrealprotest
1,union
1,marla
2,twice
2,ruin
2,lawd
1,hunted
1,narrative
1,earthbound
1,tessie
1,extended
1,friendly
4,reminder
3,african
1,colonial
3,civil
1,policemen
1,ignite
1,weeks
1,rona
1,hornets
1,ahh
1,simpler
3,science
1,degrees
1,ability
2,limitations
1,willingness
1,experts
1,presenting
1,official
2,club
2,superstar
1,miller
1,reuters
1,swarmed
2,idols
1,praise
2,kpop
1,industry
1,culture
1,ain
2,gettin
1,checks
1,woo
1,ily
3,art
3,acevedo
2,hunger
2,covers
2,rue
2,flowers
3,11
5,destroy
3,oppression
2,capital
4,gassed
1,kkklassic
1,perfectly
1,vs
1,unlawful
3,assembly
1,preferred
1,barbie
1,ted
1,married
1,grandparents
1,ptsd
1,detour
4,avoid
1,confrontation
2,niggas
1,moving
1,nascar
1,pit
2,crew
1,double
1,shopping
1,cart
1,dumbass
1,reached
1,apparently
1,popular
1,botanica
1,bmore
2,john
3,root
1,pressurewhitebotanicaowners2020
1,suspended
5,tweet
1,ready
1,families
2,remove
2,opportunity
1,entrap
1,generalize
3,lies
1,mylovelyfluke24th
1,21
1,pieces
2,led
1,advertisement
1,beijing
1,fluke
1,poured
1,footage
2,portland
1,occurred
2,screenshots
1,males
1,knocking
1,unconscious
1,kicking
1,teeth
1,hopefully
1,newark
1,trenton
1,camden
2,dangerous
1,nj
4,yesterday
1,nike
1,commercial
1,federation
1,unions
1,seungyoun
1,searching
3,posts
1,mark
3,artist
1,curious
1,promoting
1,referenced
1,accurate
2,tazed
1,yanked
2,sent
1,issuing
1,allowing
1,commute
2,masterpiece
1,drama
1,uncultured
1,swine
1,appreciation
1,cinema
1,invader
1,entertheflorpus
1,genuinely
1,concern
1,east
1,liberty
1,concluded
3,giving
1,pittsburgh
2,friday
1,culver
5,pm
1,notices
1,text
1,reference
4,6
1,deliberate
1,justify
1,prosecuted
2,kkk
1,16th
1,bombing
1,1963
2,died
1,wrongly
1,recorded
1,hashtags
1,advantage
1,specialoffers
1,buckscounty
1,accommodations
1,stayinbucksco
1,bgsbucks
1,lake
1,nockamixon
1,blackpink
2,solo
1,tracks
1,september
1,trolls
2,setting
1,bait
1,uneducated
1,falsely
1,sheep
2,fall
1,butcher
2,shop
2,finished
1,agreed
2,escalated
1,suffrage
2,em
1,beaten
1,jailed
2,bf
5,friend
2,cars
4,lady
2,audacity
1,kentucky
2,met
1,paolo
1,banchero
1,virtually
1,bbn
1,arguments
1,quicker
1,smile
1,writer
1,reading
2,hitting
1,vectors
1,departments
1,cybersecurity
1,agitated
1,resurfacing
1,investing
1,2018
2,canceled
1,protestin
1,woooooooo
1,lesssgoo
1,lmfaooo
2,glad
1,changes
6,chicago
6,parents
2,17
1,updated
2,atlanta
1,157
1,increase
1,70
2,jane
3,doe
1,katie
7,old
3,inside
10,house
2,brazil
1,shattered
1,glass
1,shards
1,broken
1,dreams
2,latest
2,column
1,chicagoriots
3,animalcrossing
2,acnh
1,nintendoswitch
1,emails
2,bts
1,germany
5,entire
2,blocked
1,garage
1,reported
1,responsibility
2,entirely
1,mans
1,quoting
3,idea
1,dentified
1,umberto
1,eco
1,features
1,fo
2,enemy
2,weak
1,continuous
1,shifting
1,rhetorical
1,enemies
1,woozi
1,thinks
3,mingyu
1,paper
1,scissors
4,fascists
1,honda
1,expired
1,nebraska
1,plates
2,texas
1,seat
2,paul
1,syndicate
1,stp
1,checking
4,bro
1,tho
1,warning
1,explicit
1,language
4,message
1,pre
1,med
1,biology
5,class
2,summer
1,scribe
1,internship
2,covered
1,330
1,devidrakes
1,documents
1,encounters
1,coerced
2,forced
1,perform
1,degrading
3,acts
1,epsteinblackbook
1,standards
2,helped
2,pinpoint
2,isolate
4,privilege
2,socioeconomic
2,standpoint
2,gain
2,knowledge
2,ingrained
2,systemic
3,voice
2,effectively--
5,property
4,million
1,superjunior_beyondlive
2,viewers
6,number
3,hearts
1,keeping
2,pray
1,positive
1,strength
1,kid
1,basically
3,admit
1,kept
1,denying
1,gaf
1,replied
1,pampered
1,ramaphosa
2,questions
1,usual
2,faces
3,daily
1,drink
1,freeing
1,hmm
2,primarily
1,frequently
1,correct
1,warrant
1,necessarily
1,bougie
3,engaging
1,naddddd
2,luv
1,heave
1,sigh
1,whisper
1,aaaaalright
1,kindly
2,response
1,direct
5,donald
1,confirmed
1,paedophile
7,child
2,rapist
7,hiding
1,24
1,laugh
1,uprising
1,banned
1,doin
1,follback
1,ardham
1,kale
4,months
1,lone
1,elanti
1,batting
2,owner
1,hive
1,gatsby
1,jakegardner
2,protester
1,omaha
1,los
1,angeles
1,mandatory
1,6pm-6am
1,h0
1,t
1,snap
1,benefits
1,eliminated
1,2019
2,food
1,assistance
1,cuts
3,7
1,disabled
1,proposed
1,current
1,profession
1,accept
1,wide
1,margin
1,error
6,40
1,wives
1,chef
1,poison
2,skin
1,forever
1,bully
1,trouble
1,1991
2,de
1,blasio
1,tasked
1,responding
1,nyc
1,heights
1,investigations
1,incompetent
1,botched
1,babbbyyyy
1,oat
1,milk
1,justincosby
1,missing
1,teenager
1,hauled
1,claim
2,trending
1,wham
1,angles
2,pics
1,innih
2,changed
1,expression
1,nasty
1,pedowood
1,domestic
2,terrorism
1,lmfao
1,el
1,chapo
1,prob
1,dunked
1,shaq
1,keith
1,ellison
1,manual
1,association
1,stretch
1,specifically
1,endorsed
1,insurrectionists
1,jails
2,worried
1,oneiric
1,diary
1,hd
1,screenshot
1,disappears
1,astronauts
1,purport
1,descendants
1,mussolini
1,blackshirts
1,hitler
1,brownshirts
1,antifadomesticterrorists
1,shinsou
1,mermaid
2,border
1,50k
2,roof
1,fleeing
2,drop
1,usernames
1,abt
1,insidious
1,classify
1,terr0rist
1,org
2,activated
2,san
2,antonio
2,austin
1,passing
2,control
1,necessary
2,scared
3,political
4,basic
2,including
3,affect
2,relate
1,behold
1,cometh
1,clouds
1,pierced
1,kindreds
1,wail
2,amen
1,pr0test
2,hispanic
1,hispanics
1,disgusted
1,ps
1,affiliated
1,stream
1,celebrate
1,supportsmallstreamers
1,teamgodvek
1,demanding
2,300
1,loser
1,considered
2,powerful
2,overwhelmed
5,cry
1,zenitsu
1,gt
3,opened
1,slashed
1,tires
3,road
1,nelnal
1,shelley
1,luck
1,fave
1,bonnie
1,enzo
1,mrng
2,cults
1,natho
1,patu
1,meerandharu
1,nyt
1,journey
1,chesinanduku
2,e
1,lo
2,dhfms
1,abba
2,fong
1,lee
1,2006
1,acquitted
1,emotional
2,hmong
2,hurts
1,join
1,flies
1,aesthetic
1,breathing
1,monsters
1,prayer
3,project
1,divine
1,favour
1,abundance
1,virtues
1,mercy
2,period
2,jinyoung
1,746
1,jjp
1,jjproject
1,got7
1,plan
1,total
1,horror
1,forgetting
1,millennials
1,zoomers
1,manager
1,yongmin
1,junmyeon
1,hanging
1,25
1,seconds
2,add
1,icon
1,pressyourluck
1,kobe
4,bit
2,advice
1,draw
2,noses
2,appeal
1,ratio
1,spans
2,systems
1,flattening
1,straightening
1,sake
1,imply
4,tip
4,iceberg
1,blackbirdersweek
1,blackinnature
1,brittany
1,avid
1,lover
1,reconsider
1,wildlife
1,career
1,phd
1,candidate
1,studying
1,molecular
1,ecology
1,fishes
1,representationmatters
1,breakfast
1,interviews
1,piggy
2,bank
1,rolled
1,dice
1,luther
1,king
2,daughter
1,constructive
1,nonviolent
1,tooo
3,nice
1,honey
1,belly
1,mujinga
3,available
3,straight
1,bringing
1,ar-15s
1,capitols
1,roads
1,brought
1,lead
1,sooo
1,mistake
1,zimmerman
1,cosmetology
1,license
1,hair
1,academy
1,gun
1,actors
1,arshad
1,warsi
1,milind
1,soman
1,islamists
1,pakistanis
1,urging
1,boycott
1,products
2,amid
1,ladakh
1,standoff
1,repost
1,hid
1,gotcha
1,marks
1,released
1,awareness
1,facing
1,schooling
2,steal
1,standing
2,self
1,worlds
1,impose
1,strict
1,speedy
1,advocating
1,toll
1,vietnamese
1,pedicure
1,90th
2,absolute
1,legend
1,clint
1,eastwood
1,include
1,unify
1,wings
2,spiders
1,fly
4,miles
1,oceans
1,strands
1,silk
1,electric
1,fields
1,ballooning
1,half
1,sea
1,crop
1,jacketed
1,metal
1,core
1,stone
1,steel
1,cored
1,guage
1,shotgun
1,slugs
1,limbs
1,conservatives
1,appeared
2,regularly
1,liberal
1,carrying
1,weapons
1,incendiaries
1,windows
1,fires
1,innocents
1,outcry
1,excuses
2,election
3,miss
1,bfb
1,bfdi
1,prefer
3,risk
2,hospital
1,rant
1,suggestion
1,solution
2,ugly
1,outfit
1,2gbdata
1,castille
1,thrivin
1,surviving
1,smoking
1,rolling
1,hardesty
1,park
1,march
1,wallhaven
1,drake
1,ve
2,wow
1,colored
1,requires
1,verified
1,bots
1,huge
1,democracy
2,pigs
1,joking
1,signs
1,attending
1,mid
2,comfortable
1,min
1,breakthrough
1,kidnapping
1,position
1,nigerian
1,lagos
1,feels
1,neighborhood
2,reply
1,spray
1,ball
1,brothers
1,lucifer
1,bringer
1,plus
2,pretend
1,narrate
2,experience
1,justified
2,sparked
1,justifiable
1,outrage
1,heres
1,radical
1,selfie
1,groundhog
1,tense
1,dealing
1,sleeping
1,az
1,pronounce
1,28-years
2,supporting
1,trrrirism
1,hopes
1,buying
2,insurance
1,package
2,mansion
1,exempt
1,mentally
1,financially
1,twisted
1,jt
1,jerome
1,rioter
2,nonsense
1,copaganda
1,purposes
1,dipshits
1,clapping
1,signing
1,counterinsurgency
2,speaking
1,dwayne
1,wade
1,injustices
1,pulled
1,younger
1,generation
1,misinformation
3,disguise
2,ties
1,blocklists
1,impersonation
1,montreal
1,deemed
1,illegal
1,michael
1,jordan
1,smartnews
1,platinum
1,punch
1,cat
1,screaming
1,pedo
1,countless
1,instant
1,-badge
2,8470
1,-contact
1,seattle
1,-call
1,206
1,684
1,2489
1,-email
1,-refused
3,badge
1,-maced
1,sugar
2,daddy
1,twt
1,acc
2,quote
1,airplane_pt2
2,mv
1,lifted
1,spirits
1,bec
1,festa2020
1,garbage
1,allowed
1,deprive
1,enjoying
1,btsfesta2020
1,itrustminyoongi
1,iloveyoongi
1,2020btsfesta
1,bite
1,fingernails
1,declare
1,disturbance
1,clash
1,updates
1,generalizations
1,counterproductive
1,psa
1,demonstrators
1,wife
1,deliver
1,bat
1,labor
1,playing
1,dream
1,democratic
1,prisoners
1,mandate
1,usbp
1,deploying
2,agents
2,key
1,locations
1,le
1,partners
1,borders
1,adjusted
1,secure
1,honorfirst
1,maggie
1,haberman
1,peter
1,baker
1,bunkerbitch
1,abi
2,dey
1,shoe
1,cos
1,weigh
1,ethereum
1,recognized
1,terrible
1,cheap
1,knocked
1,bold
1,coward
1,fucked
1,chides
1,honestly
1,fair
1,term
1,includes
2,smh
1,22min
1,heartbroken
1,etsy
1,fav
1,purchase
2,stealing
1,hijos
1,mil
1,puta
1,jake
1,f
1,enes
1,kanter
2,apple
2,music
2,maced
1,couldnt
1,info
1,omg
1,--
2,knows
1,expected
1,anyways
1,massive
1,antiblackness
1,versus
1,california
1,risen
2,19
1,errand
1,opponent
1,mccarthy
3,hear
1,tears
1,supremacists
1,mpd
1,kochadaiiyaan
1,photorealistic
1,motion
1,mam
1,title
1,card
1,thalaivar
1,modified
1,version
1,albums
1,6yrsofepickochadaiiyaan
1,campus
1,cctv
1,skoolooks
1,tx
1,nigga
1,ikr
1,sleep
1,adding
1,killers
2,numerous
1,wonder
1,kendrick
1,photos
1,yesssir
1,coons
1,bothered
1,eyes
1,compassion
1,unequivocal
1,figures
1,hour
1,guaranteed
1,reelection
1,weekend
1,plastered
1,choose
1,rude
1,jeffrey
1,recipts
2,tough
1,contrast
1,complex
1,bone
1,spur
1,mog
1,reporting
1,tassed
1,passengers
1,fired
1,scoop
1,books
1,bitchh
1,fatigue
1,empowerment
1,gram
1,deeply
1,affected
1,habib
1,ullah-
1,throat
1,pressing
1,cardiac
1,subsequently
1,delusion
1,kneeing
2,pissed
1,fist
1,method
1,pressed
1,gbpoot
1,compatible
2,band
1,38
4,mm
1,42
1,44
1,protector
1,wristband
1,strap
1,replacement
1,iwatch
1,series
1,weirdo
1,16
1,unacceptable
1,trapped
1,ramped
1,buses
1,5pm
1,bs
1,acab
1,lrt
1,fuckin
1,wondering
1,southern
1,africa
1,arrived
1,cream
1,announcement
1,indiana
1,changing
1,transit
1,frequent
1,indianapolis
1,lawrence
1,flag
1,replace
1,gang
1,symbol
1,tall
1,ya
1,hets
1,disease
1,bake
1,desserts
2,owned
2,businesses
1,americas
2,fights
1,brunch
2,2nd
1,worldwide
1,earphones
1,recommended
1,chrono
1,crystals
1,consecutive
1,summon
1,saiyan
1,ss
1,vegito
1,dblegends
1,dragonball
1,interstate
1,facilitated
1,indifferent
1,smell
1,spineless
1,liberals
1,volunteered
1,clean
2,stare
2,complaining
1,asses
1,spurs
1,lonnie
1,walker
1,graffiti
1,building
1,corner
1,broadway
1,losoya
1,rookie
1,handing
1,workers
1,cleaning
1,6th
1,sense
1,tingling
1,en
1,sah
1,les
1,racistes
1,entranceway
2,phrase
1,militant
1,dmpd
1,multitudes
1,mischief
1,needed
1,dsm
1,phone
1,515
1,218
1,1994
1,memorize
1,han
1,siblings
1,unprofessional
1,journalist
1,cathy
1,defending
3,recommend
2,pent
2,byproduct
4,domino
2,fell
1,amazed
1,fine
1,opening
1,bars
1,restaurants
1,society
1,nofilter
1,nervous
1,abruptly
1,treated
1,engage
1,discussion
1,premise
1,fairness
1,effort
1,whs
1,nursing
2,demi
1,ward
1,hero
1,covid-19
1,discover
1,october
1,toy
1,enjoyed
1,trump2020
1,overly
1,excited
1,unemployed
1,mad
1,slave
1,wages
2,alright
1,manassas
1,wawa
1,walmart
1,liberia
1,tells
1,justiceforbreonnataylor
2,dm
2,friendships
1,moral
1,differences
1,rocking
1,intersectionality
1,rockin
1,racing
1,maheshbabu
2,wave
1,generations
1,16-year
1,nodded
1,bare
1,anguish
1,dust
1,settles
1,theaters
1,producing
1,majority
1,placing
1,margins
1,awkward
1,female
1,pleads
1,helplessly
1,broad
1,daylight
1,mechanism
1,bid
1,wall
2,raised
1,notre
1,dame
1,cathedral
1,seven
1,danny
1,havoc
1,deathmatch
1,wrestling
1,knew
1,body
1,missed
1,ripdannyhavoc
1,option
1,catches
1,enjoy
1,cheated
1,nose
1,personal
1,savannah
1,surprised
1,escapist
1,hobbies
1,assist
1,clearing
1,fellow
1,south
1,comes
1,af
1,vans
1,wit
1,paralyzed
1,perceived
1,insensitivity
1,pleasing
1,detailed
1,interaction
1,altaf
1,hussain
1,founder
1,muttahida
1,qaumi
1,mqm
1,appeals
1,ji
1,indians
1,independence
1,cell
1,omfggggggg
1,hijab
1,upsetting
1,homeboy
2,raping
1,13
1,olds
3,quiet
1,haha
1,hilarious
1,bra
1,bye
1,unite
1,agitators
3,burning
1,richmond
1,shocked
1,executive
1,previously
1,terror
1,threats
1,monsta_x
1,hyungwon
1,superjunior
1,inspired
1,importance
1,plowed
1,jumped
1,believed
1,minneapolisriots
1,endless
2,supply
1,bulletproof
1,vests
1,machine
1,armored
2,vehicles
1,classrooms
1,cambridge
1,brady
1,enforce
2,global
1,worth
1,listening
1,leftists
1,depends
1,poopycurse
1,1918
1,beginner
1,fliplife
1,resellerhub
1,consistant
1,compare
1,price
2,dispatch
1,formula
1,dmd
1,search
1,slides
1,launching
1,dragon
1,endeavour
1,spacecraft
1,officially
1,et
1,process
1,sarai
1,pats
2,breast
1,feed
1,boob
1,feeding
1,suv
1,suga
1,shane
1,fountain
1,grounds
1,austinprotest
1,equal
1,kidvicious
1,attorneys
1,general
1,georgefloydriots
1,upholding
1,scumbag
1,threatened
1,invade
1,summerlin
1,early
1,taxes
1,protection
1,problematic
1,butttttt
1,stan
1,jcole
1,busted
1,nypd
1,mowing
1,cruisers
1,aboard
1,scary
1,idc
1,shukri
1,blatant
1,somali
1,swimming
1,river
1,ting
1,lets
1,bo
1,bb2
1,ap
1,tg
2,haircut
2,dna
1,surpass
1,views
2,korean
1,achieve
1,1b
1,colin
1,kaepernick
1,villainized
1,ridiculed
1,issa
1,orchestrate
1,stations
1,malls
1,kinds
1,wake
1,whittier
2,anaheim
2,ana
1,historically
1,latino
1,neighborhoods
1,picked
1,newport
1,hills
1,laguna
1,paw
1,patrol
1,peacful
1,spirit
1,renew
1,scroll
1,circulating
1,invited
1,claimed
1,invasion
1,tampered
1,cameron
1,traffic
1,alert
1,jefferson
1,st
1,larkin
2,ave
1,alternative
1,routes
1,fraction
1,letting
1,disinformation
1,foreign
1,combined
1,assume
1,systematic
1,ra
1,purge
1,manner
1,richest
1,400
1,billionaire
1,pays
1,lower
2,paycheck
1,culprits
1,ultra
1,illinois
1,vancouver
1,build
1,relationships
1,truly
1,value
1,gunshots
1,stayin
1,dos
1,ascii
1,benefited
1,required
1,handling
1,corruption
1,overt
1,battling
1,supremacy
1,winning
1,november
1,comment
1,glorify
1,tea
1,david
1,bought
1,lana
1,iphone
1,256
1,gb
2,answer
1,calls
1,90daysfiance
1,dt
1,slurs
1,mess
1,rocked
1,1v1
1,pridemonth2020
1,sso
2,8yr
1,feet
1,butch
1,lesbian
1,mutuals
1,unfollowed
1,bravo
1,connecting
1,2gether
1,simple
2,hacked
1,pd
1,radios
1,communicating
1,aired
1,agust
1,earns
1,debut
1,chart
1,73
1,streams
1,divock
1,origi
1,scored
1,goal
1,arsenal
1,selling
1,fragment
5,trees
1,special
1,promo
1,fragments
1,large
1,snow
1,flakes
1,crystal
1,gold
1,nuggets
1,nook
1,tickets
1,animalcrossingnewhorizons
1,bois
1,tara
1,periodt
1,bodo
1,bengap
1,deepest
1,sympathies
1,painful
1,brokenness
1,inherit
1,ta
1,brave
1,awfully
1,convenient
1,obama
1,obamagate
2,dade
1,hostage
1,civilian
1,shields
1,hammond
1,according
1,bongo
1,von
1,dingo
1,designation
1,stupidest
1,begins
1,un
1,believable
1,communist
1,research
1,allow
1,details
1,hennepin
1,bridge
1,45
1,sped
1,marred
1,200601
1,naver
1,jaehyun
1,nct127
1,everytime
1,coon
1,unfollowing
1,karmys
3,weverse
1,establish
1,extradition
1,agreement
1,mainland
1,concerns
1,companies
1,headquartered
1,contracts
1,resolve
1,hk
1,exercising
1,guarantees
1,memory
1,hijacked
3,seditious
1,subversives
1,freedom
1,baraitser
1,famous
1,est
1,team
1,returns
1,mesa
1,rob
1,tube
1,crushes
1,drive
1,multitude
1,hlvrai
1,roll
1,iarmys
1,karmy
1,graduated
1,navy
1,seals
1,raids
1,al
1,quaeda
1,fundraiser
1,trusted
1,organizer
1,drinking
1,outs
1,bastards
1,1973
1,nixon
1,administration
1,sued
1,refusing
1,rent
1,1980s
1,casinos
1,accused
1,visited
1,joke
2,conspiracy
1,doj
1,busy
1,presidency
1,beginning
1,exerted
1,efforts
2,quran
1,reasons
1,marry
1,prioritises
1,raven
1,starfire
1,cyborg
1,jetpack
1,beastboy
1,robin
1,tape
