tweets
"['funny', 'lmfaaooo']"
"['vote', 'choice']"
"['right', 'country', 'like', 'boat', 'captain', 'knows', 'going', 'hospital', 'florida', 'arizona', 'la', 'want', 'children', 'school', 'think', 'world', 'care', 'set']"
"['ariana', 'merch', 'giveaway', 'pick', 'item', 'website', 'retweet', 'enter', 'ends', 'payday', 'international', 'okay', 'giving', 'address', 'fake', 'following', 'pls', 'spam']"
"['know', 'excited', 'army', 'uncover', 'wanted', 'peek', 'exclusive', 'galaxy', 'bts', 'edition', 'box']"
['said']
"['guys', 'facing', 'genocide']"
"['feeling', 'teachers', 'going', 'left', 'buy', 'masks', 'students', 'want', 'feel', 'safe', 'classrooms']"
['love']
"['thank', 'service', 'demonstrating', 'true', 'courage', 'patriotism', 'sorely', 'needed', 'best', 'wishes', 'family', 'happy', 'successful', 'chapter']"
"['ptaliftbanonpubg', 'unbanpubgpakistan', 'esports', 'joke', 'banning', 'pubg', 'fair', 'want', 'career', 'gaming']"
"['attempt', 'fix', 'end', 'making', 'worse', 'today']"
"['chaggie', 'art', 'love', 'hazbinhotel', 'hazbinhotelfanart']"
"['plan', 'flying', 'plane', 'soon', 'expect', 'newnormal']"
"['sounds', 'like', 'written', 'cat']"
"['ren', 'jamie', 'new', 'know']"
"['know', 'americans', 'confident', 'children', 'led', 'slaughter', 'child', 'grandchild', 'families', 'attend', 'public', 'school', 'months', 'lead', 'example']"
"['dog', 'vibe', 'checking', 'people']"
"['dissertation', 'liked', 'quality', 'bracelets', 'choose', 'pandora']"
"['anti', 'ableist', 'looking', 'ableism', 'works', 'support', 'white', 'supremacy', 'promise']"
"['sm', 'anniversary', 'feat', 'showbt', 'philippines']"
"['current', 'fav', 'tho', 'berserk']"
"['worldwide', 'calls', 'better', 'treatment', 'read']"
"['found', 'vlive', 'jeonghan', 'talking', 'got', 'punched', 'friend', 'said', 'lose', 'fight', 'teeth']"
"['chemistry', 'winning', 'vote']"
"['whippet', 'need', 'exercise', 'total', 'couch', 'potatoes', 'time', 'little', 'grooming', 'gentle', 'natured', 'bark', 'hardly', 'sure', 'typical']"
['real']
"['goes', 'chelsea', 'miss', 'thiago', 'die', 'tbh']"
"['physically', 'impossible', 'social', 'distance', 'students', 'school', 'schoolsreopening']"
[]
"['vodka', 'water', 'bottle', 'expecting']"
"['black', 'asian', 'etc', 'hate', 'america', 'sin']"
"['cumming', 'time', 'tier', 'sex']"
"['white', 'guy', 'care', 'says']"
"['longer', 'worlds', 'wealth', 'owned', 'evil', 'greedy', 'corrupt', 'believe', 'want', 'grain', 'salt', 'open', 'eyes', 'virus', 'research', 'happening']"
['true']
"['sense', 'ftr', 'came', 'firing', 'shots', 'literally', 'helped', 'bucks', 'story', 'wise', 'breadcrumb', 'birthday', 'cake']"
"['water', 'bomb', 'spring', 'gon', 'hit', 'different']"
"['today', 'offer', 'gamer', 'jungkook']"
"['guys', 'trends', 'handle', 'amp', 'fan', 'pages', 'works', 'hard', 'kept', 'trend', 'fans', 'co', 'operate', 'wit']"
"['yeah', 'know', 'need', 'braids', 'dreading', 'hair', 'detangling', 'follow']"
"['eat', 'pork', 'definitely', 'needs', 'handful', 'fries']"
"['vistace', 'donald']"
"['constantly', 'remember', 'time', 'diagnosed', 'disease', 'doctors', 'misdiagnosed', 'stand', 'little', 'taller', 'got']"
"['fe', 'fighters', 'corrin', 'japan', 'got', 'fates', 'people', 'wanted']"
"['great', 'money', 'hyping', 'climatefraud']"
"['want', 'destined', 'receive']"
"['lady', 'antebellum', 'changing', 'solidarity', 'blm', 'sue', 'actual', 'black', 'artist', 'performative', 'wokeness', 'bleakest']"
"['highlighter', 'omg', 'got', 'ta', 'nabla', 'skin', 'glazing', 'shade', 'lucent', 'jungle']"
"['welcome', 'therapy', 'sessions', 'songwriters', 'episode', 'uk', 'track', 'worry', 'album', 'time', 'working', 'sam', 'loved', 'came', 'check']"
"['interesting', 'question', 'afraid', 'match', 'organs', 'richie', 'rich', 'person', 'conveniently', 'suicided']"
"['tired', 'lazy', 'consider', 'recording', 'reading', 'certain', 'fics', 'listen', 'relax', 'lol', 'remember', 'listening', 'voice', 'cringe']"
"['liked', 'wanted', 'come', 'tweet', 'drag']"
"['rt', 'ilhan', 'omar', 'censured', 'removed', 'office', 'immediately']"
['coming']
"['thread', 'spongebob', 'pictures', 'asking']"
"['weed', 'improving', 'junk', 'nice', 'fruit', 'delicious', 'strawberry', 'world']"
"['bts', 'sets', 'new', 'record', 'itunes', 'self', 'composed', 'sweet', 'night', 'ost']"
"['lol', 'literally', 'allergic', 'earth']"
"['moment', 'history']"
"['acerola', 'allybrooke', 'coming']"
['lee']
"['adorable', 'daddy', 'daughter', 'duo', 'melt', 'heart']"
"['tiktok', 'kpop', 'destroying', 'minds', 'youth', 'got', 'onnotice']"
['grandparents']
"['noah', 'beck', 'angel', 'thoughts']"
"['getting', 'aggressive', 'ads', 'ben', 'shapiro', 'sister', 'youtube', 'big', 'titty', 'profiled']"
['apps']
"['pain', 'remains', 'solace', 'fact', 'innocent', 'angel', 'resting', 'peace', 'grace', 'allah', 'love', 'amp', 'duas', 'family', 'stay', 'strong', 'freepalestine']"
"['years', 'decorated', 'military', 'service', 'lt', 'col', 'alexander', 'vindman', 'retiring', 'true', 'american', 'hero', 'amp', 'tragic', 'career', 'cut', 'short', 'vengeful', 'petulant', 'commander', 'chief', 'deserves', 'better', 'vindmanisahero']"
"['stop', 'coming-']"
"['saying', 'poor', 'wo', 'nt', 'higher', 'chance', 'win', 'aha', 'fact', 'prolly', 'makes', 'players', 'look', 'worse']"
"['riot', 'occurred', 'overnight', 'july', 'portland', 'antifa', 'amp', 'blm', 'militants', 'broke', 'windows', 'courthouse', 'aimed', 'fireworks', 'inside', 'threw', 'bricks', 'mortars', 'police', 'rioters', 'responded', 'emergency', 'calls', 'city']"
"['movie', 'trailer', 'link']"
"['happy', 'birthday', 'sweetie', 'long', 'life', 'prosperity', 'assured', 'dear']"
"['wow', 'gorgeous']"
"['hit', 'wicket']"
"['anonymous', 'releases', 'gb', 'internal', 'police', 'data', 'blueleaks']"
"['harvard', 'mit', 'sue', 'ice', 'policy', 'deporting', 'students', 'forced', 'online', 'classes']"
['queen']
"['wayv', 'fansign', 'asked', 'thinks', 'end', 'long', 'work', 'day', 'louis', 'leon', 'getting', 'trouble', 'home']"
"['bakersfield', 'girls', 'ladies', 'general', 'wait', 'kidnapping', 'sex', 'trafficking', 'ring', 'getting', 'extremely', 'hand', 'going', 'missing', 'everyday', 'carry', 'weapons']"
"['long', 'joe', 'biden', 'cave', 'radicals', 'left', 'demanding', 'defund', 'police', 'cut', 'funding', 'says', 'yes', 'absolutely', 'enemy', 'weak', 'stand', 'running', 'party']"
"['link', 'bio', 'surprises', 'tonight', 'video']"
"['watch', 'nick', 'jackson', 'rey', 'fenix', 'day', 'amazing', 'chemistry', 'fyterfest', 'aew']"
['bitch']
"['comics', 'industry', 'radical', 'feminist', 'rats', 'nest', 'uncovered', 'live']"
"['bang', 'yedam', 'world', 'domination']"
"['uh', 'huh', 'haters', 'needs', 'ads', 'support', 'dude', 'held', 'standards']"
"['thibk', 'changing', 'shape', 'follow', 'line', 'huge', 'change', 'arched', 'larger', 'makes', 'sense']"
"['remember', 'ffk', 'vs', 'church', 'satan']"
"['hoshi', 'tried', 'inside', 'cereal', 'box', 'realize', 'big']"
"['years', 'betsy', 'devos', 'need', 'secretary', 'education', 'actually', 'public', 'school', 'educator']"
"['republicans', 'protect', 'gun', 'people', 'pandemic', 'war', 'money', 'statues', 'lies', 'truth']"
"['steaks', 'seafood', 'amp']"
"['saw', 'school', 'sitting', 'car', 'waiting', 'mom', 'walmart', 'rip']"
"['incredibly', 'stupid']"
"['thing', 'learned', 'having', 'kids', 'people', 'incredibly', 'stupid', 'comes', 'speeding', 'residential', 'neighborhoods', 'start', 'pulling']"
"['attorney', 'general', 'william', 'barr', 'announces', 'launch', 'operation', 'legend']"
"['fr', 'link']"
"['borrow', 'money', 'able', 'afford', 'garden', 'landscaped', 'dog', 'love', 'askcody']"
"['calm', 'app', 'harry', 'styles', 'took', 'forest', 'snuggled', 'raft', 'river', 'sat', 'fire', 'cabin', 'ocean', 'watching', 'sunset', 'field', 'sunflowers', 'man', 'set', 'bar', 'dates']"
['force']
"['thing', 'different', 'abt', 'wait', 'cuz', 'ik', 'goin', 'word']"
['guy']
"['tryna', 'stoned', 'african', 'theft', 'rn', 'ya', 'feel']"
"['tired', 'learn', 'rest', 'quit']"
"['noooo', 'bill', 'fuck']"
"['morning', 'mirror', 'selfie', 'carissa']"
"['retweets', 'pubg', 'lovers', 'use', 'hashtags', 'pubgkholobanchoro', 'ptaliftbanonpubg', 'unbanpubginpakistan']"
"['zakir', 'naik', 'breaks', 'bad', 'news', 'ravish', 'kumar', 'journos', 'performed', 'hell', 'appraisal']"
"['solid', 'race', 'let']"
['wish']
"['kamala', 'harris', 'wikipedia', 'page', 'scrubbed', 'unflattering', 'information', 'biden', 'vp', 'edits', 'affair', 'married', 'mayor', 'willie', 'brown', 'away', 'dems', 'want', 'folks', 'forget', 'years', 'bad', 'prosecutor', 'foxnews']"
['locationsworld']
"['new', 'houston', 'nation', 'fastest', 'growing', 'coronavirus', 'hot', 'spots', 'residents', 'dying', 'hospital', 'experts', 'trend', 'means', 'virus', 'toll', 'deeper', 'official', 'tallies']"
"['justify', 'hypocrite', 'disgrace', 'unfit', 'represent', 'patriotic', 'people', 'south', 'carolina', 'demcast', 'demcastsc', 'wtpsenate', 'ndlb']"
"['week', 'left', 'apply', 'political', 'projects', 'external', 'engagement', 'manager', 'position', 'check', 'british', 'high', 'commission', 'great', 'place', 'work']"
"['powerful', 'tryna']"
['sorry']
['talking']
['tweet']
"['want', 'yt', 'people', 'shut', 'food', 'forever', 'like']"
"['tries', 'vaccinations', 'family', 'consent', 'stick', 'needle', 'ass']"
['skinnn']
"['lay', 'zhang', 'boom', 'debuts', 'qq', 'single', 'popularity', 'chart', 'songs', 'album', 'hit', 'far', 'jade', 'lit', 'amp', 'laygotthatboom', 'exo']"
"['mint', 'needs', 'stick', 'mints', 'gum']"
['superior']
"['taehyungnaver', 'broke', 'world', 'record', 'itunes', 'solo', 'artists', 'sweet', 'night', 'self', 'written', 'song', 'ost', 'drama', 'itaewon', 'class', 'topped', 'global', 'chart', 'countries', 'view', 'like', 'recommend', 'share', 'naver']"
"['happy', 'army', 'day', 'amp', 'forever', 'grateful', 'wonderful', 'family', 'thank', 'fellow', 'armys', 'bcame', 'friends', 'confidant', 'purple', 'happyarmyday', 'armymeansfamily', 'wearebtsarmy', 'proudbtsarmymom', 'mgmavote', 'bts']"
['love']
"['slap', 'mask', 'mandate', 'schools', 'wait', 'imagine', 'old', 'child', 'hours', 'cruel', 'irresponsible', 'crazy', 'nonsensical', 'abusive']"
"['japan', 'covid', 'deaths', 'went', 'economic', 'shut', 'unemployment', 'rate', 'virtually', 'everybody', 'wears', 'mask', 'americans', 'idea', 'fucking', 'stupid', 'look', 'world', 'stage']"
"['love', 'sheriff', 'ohio', 'governor', 'mask', 'mandate', 'counties', 'including', 'said', 'enforcing']"
"['died', 'loved']"
['praying']
['mobay']
"['background', 'text', 'animation', 'tutorial', 'simpletext', 'aftereffects', 'aescripts', 'motiongraphics']"
"['happening', 'world', 'romania', 'dismantles', 'human', 'trafficking', 'ring', 'days']"
"['barley', 'surgery', 'remove', 'cancerous', 'tumor', 'best', 'friend', 'fluffy', 'given', 'cone', 'support']"
"['received', 'mail', 'completely', 'blown', 'away', 'talented', 'want', 'purchase', 'proceeds', 'black', 'organizations', 'angel']"
"['sojin', 'launched', 'youtube', 'channel']"
"['layout', 'cute']"
"['starting', 'watching', 'boy', 'meets', 'world', 'takes', 'tgif', 'nights']"
"['gave', 'fucks']"
"['bye', 'millie']"
"['high', 'idc', 'bout', 'lol']"
"['joe', 'biden', 'said', 'wants', 'defund', 'police', 'demented']"
"['good', 'job', 'guys']"
"['mr', 'modi', 'believes', 'world', 'like', 'thinks', 'price', 'intimidated', 'understand', 'fight', 'truth']"
"['leaving', 'prostitution']"
"['true', 'meaning', 'prosperity', 'refers', 'money', 'rest', 'life', 'picture', 'smart', 'moves', 'turn', 'vision', 'reality', 'guide', 'readers', 'essential', 'steps', 'help', 'financially', 'prosperous', 'future', 'come']"
"['sure', 'missed', 'party', 'throws', 'days', 'long', 'happybirthdayarmy']"
"['acnhcottagcore', 'thread', 'start', 'decorating', 'cottage', 'core', 'oh', 'god', 'stressful', 'need', 'help', 'acnh', 'animalcrossing', 'acnhideas', 'acnhinspo', 'animalcrossinginspo']"
"['cabbage', 'man', 'tweeting', 'burner', 'account']"
['wait-']
['goodnight']
"['lq', 'baekchen', 'pics', 'heart']"
"['fw', 'niggas', 'time', 'cause', 'fr', 'ass', 'capped', 'waste']"
['cool']
"['want', 'way']"
"['people', 'brain']"
"['wednesday', 'july', 'barack', 'obama', 'corrupt', 'president', 'history', 'obamagate']"
"['cops', 'murder', 'self', 'defense', 'women', 'jail', 'killing', 'rapists', 'abusers', 'checking', 'heard', 'right']"
"['seal', 'spy', 'dies', 'finds', 'way']"
"['seulrene', 'english', 'cute']"
"['cases', 'rising', 'deaths', 'falling', 'going']"
"['magic', 'air']"
"['comeback', 'season', 'nba']"
"['twice', 'version', 'come', 'emotion', 'amp', 'energy']"
"['wow', 'neck']"
"['right', 'like', 'got', 'halitosis']"
"['buy', 'baekhyun', 'city', 'lights', 'album', 'rly', 'tempted']"
"['anytime', 'baby']"
"['cost', 'zero', 'retweet', 'silk', 'masterpieces', 'helps', 'small', 'owned', 'business']"
"['sec', 'state', 'comedy', 'routine', 'right', 'cause', 'laugh', 'lot', 'hysterically']"
"['changed', 'lead', 'position', 'fear']"
['entertainers']
"['hi', 'making', 'lovely', 'opal', 'ring', 'amp', 'bezel', 'cracked', 'trying', 'set', 'stone', 'cute', 'barely', 'mistake', 'anybody', 'interested', 'purchasing', 'shipped', 'shoot', 'dm', 'size']"
"['breaking', 'ap', 'trump', 'campaign', 'rally', 'tulsa', 'likely', 'contributed', 'dramatic', 'surge', 'new', 'coronavirus', 'cases', 'city', 'county', 'health', 'department', 'director', 'bruce', 'dart', 'said']"
"['happened', 'oh', 'god', 'stop', 'barbarity', 'zionists', 'laknatullah', 'sobatpalestinaina']"
"['jk', 'american', 'airlines']"
"['chaewon', 'theory', 'relativity']"
"['demon', 'slayer', 'hero', 'academia', 'castlevania']"
"['new', 'grizzly']"
"['alberta', 'ndp', 'angriest', 'ineffective', 'opposition', 'seen', 'ableg']"
"['everybody', 'wanna', 'win', 'nephew', 'help', 'goal']"
"['anybody', 'manifesting', 'cause', 'pack', 'spennanight', 'bag', 'right', 'fuckin']"
"['providing', 'option', 'home', 'care', 'paid', 'elder', 'basic', 'right']"
"['trump', 'conservative', 'ideology', 'black', 'ppl', 'slavery']"
"['shot', 'btw']"
"['day', 'syndicate', 'users', 'able', 'easily', 'checkout', 'multiple', 'pairs', 'cookies', 'stop', 'overpaying', 'proxies', 'got', 'user', 'checkouts', 'finishline', 'like', 'retweet', 'comment', 'chance', 'free', 'month', 'aheadofthecurve']"
"['photography', 'dailyphoto', 'ppixxells', 'photooftheday', 'yourawesomepics', 'nature', 'naturephotography', 'pentax', 'insects', 'smiley']"
"['born', 'stupid', 'bad', 'things', 'national', 'incident']"
"['suga', 'baby']"
"['raheem', 'sterlings', 'debut', 'season', 'scored', 'goals', 'games', 'proper', 'player', 'kill', 'youngsters', 'stats', 'obsession']"
[]
"['nolivesmatter', 'deserve', 'die']"
['cute']
['luv']
"['mono', 'reached', 'itunes', 'worldwide', 'rm', 'asian', 'act', 'album', 'chart', 'surpassing']"
"['wild', 'rabbits', 'released', 'australia', 'years', 'ago', 'hunting', 'rabbit', 'population', 'swelled', 'billion']"
"['dating', 'fairytail', 'nalu']"
"['unreal', 'tournament', 'came', 'pretty', 'excited', 'started', 'level', 'sketched', 'area', 'layouts', 'mins', 'editor', 'remembered', 'hated', 'geo', 'tools', 'got', 'leveldesign', 'sketchbook']"
"['remembered', 'month', 'august']"
"['futurama', 'right', 'best', 'dominant', 'species']"
"['good', 'morning']"
"['china', 'southern', 'london', 'alan', 'lippitt']"
"['billboard', 'hot', 'charts', 'stay', 'gold', 'boy', 'luv']"
"['gentle', 'reminder']"
"['leslie', 'stahl', 'asked', 'trump', 'said', 'know', 'discredit', 'demean', 'write', 'negative', 'stories', 'believe', 'retweet', 'agree', 'media', 'enemyofthepeople']"
"['profollica', 'rated', 'system', 'men', 'hair', 'regrowth']"
"['congratulations', 'co', 'opted']"
['number']
"['called', 'lazy', 'ur', 'having', 'bad', 'mental', 'health', 'day', 'infuriating', 'thing', 'fucking', 'physically', 'motivation', 'strength']"
"['liking', 'tweet', 'okay', 'better', 'rawr']"
"['bleached', 'strand', 'hair', 'family', 'noticed', 'maybe', 'main', 'character']"
"['single', 'false', 'equivalence', 'rich', 'coming', 'russian', 'troll', 'guy', 'talk', 'straw', 'man']"
"['like', 'judging', 'bad', 'acting', 'shit', 'plot', 'movie', 'actually', 'watching', 'funny', 'favourite', 'series', 'kid']"
['halsey']
"['republican', 'enabler', 'trump', 'working', 'fox', 'behalf', 'owners', 'gop', 'greedy', 'oligarchs', 'party', 'history', 'traitors', 'country', 'sure', 'sleep', 'tonight', 'tool', 'drawers', 'especially', 'mcconnell', 'amp', 'barr', 'vote', 'blue']"
"['songs', 'years', 'compared']"
"['interview', 'cuomo', 'reason', 'deaths']"
['unnecessary']
"['australia', 'japan', 'space', 'talks', 'words', 'bounce', 'like', 'ninjas']"
"['help', 'understand', 'safe', 'kids', 'return', 'school', 'dangerous', 'manafort', 'cohen', 'stay', 'prison']"
['politicians']
"['plot', 'twist', 'movie', 'villain', 'honey', 'amp', 'lavender']"
"['germany', 'denmark', 'norway', 'sweden', 'countries', 'schools', 'open', 'problems', 'dems', 'think', 'bad', 'politically', 'november', 'election', 'important', 'children', 'amp', 'families', 'cut', 'funding']"
"['telling', 'unlike', 'secret', 'service', 'protection', 'wind', 'calling', 'random', 'black', 'people']"
"['seriously', 'wait', 'stage', 'choreo', 'looks', 'epic', 'girls', 'practiced', 'hard']"
"['ftrybluchasbb', 'love', 'time', 'die', 'butcher', 'big', 'life']"
"['hair', 'perfect', 'like', 'real', 'life']"
"['mean', 'cool', 'kill', 'kane']"
['hello']
"['karenne', 'en', 'route', 'costco', 'wear', 'mask', 'act', 'like', 'fucking', 'asshole']"
"['feel', 'like', 'waiting', 'happen', 'weeks', 'know', 'blank', 'feeling', 'anticipation', 'reason', 'idk']"
"['actor', 'waiting', 'luck', 'run', 'tom', 'hanks', 'happy', 'birthday', 'sir', 'july', 'happybirthdaysirtomhanks', 'hbdtomhanks', 'tomhanks', 'happybirthdaytomhanks', 'love', 'respect', 'pakistan']"
"['vote', 'biden', 'wo', 'fight', 'cdc']"
"['sorry', 'respond', 'losing', 'fucking', 'mind']"
"['anxious', 'ropes', 'god', 'guys', 'immense', 'aewdynamite', 'fyterfest']"
"['tara', 'reade', 'accused', 'biden', 'sexually', 'assaulting', 'worked', 'senate', 'office', 'claims', 'copy', 'complaint', 'filed', 'time', 'included', 'records', 'archive', 'said', 'contain', 'personnel']"
"['course', 'relationship', 'soon', 'gon', 'na', 'post', 'grateful', 'life', 'certain', 'extend', 'social', 'media', 'toxic', 'place', 'amp', 'like', 'couple', 'wants', 'validation', 'strangers', 'online', 'better', 'private', 'secret']"
['anyways']
"['lecturers', 'cancelled', 'assessments', 'gave', 'extension', 'assignments', 'submission', 'reading', 'students', 'mental', 'health', 'survey', 'educators', 'care', 'providing', 'comparisons', 'study', 'life']"
"['months', 'later']"
"['sad', 'nt', 'download', 'apps', 'atm']"
"['quid', 'pro', 'quo']"
"['starving', 'kids', 'pocket', 'money', 'democratic', 'poverty']"
"['let', 'works', 'need', 'bunch', 'followers', 'got', 'hacked', 'everybody', 'blocked', 'blame', 'idea', 'follow', 'appreciate', 'send', 'anybody', 'tks']"
"['random', 'song', 'came', 'shuffle', 'like', 'wait', 'sounds', 'good', 'went', 'spotify', 'lmaooo', 'got']"
['doneee']
"['chewsday', 'night', 'glazed', 'eyes', 'pint']"
"['come', 'sory', 'idk', 'wrong', 'pleas', 'forgive', 'ack']"
"['bleach', 'hair', 'pained']"
"['fun', 'fact', 'cursing', 'brings', 'higher', 'queue', 'automated', 'voices', 'detect', 'curse', 'words', 'urgency', 'signals']"
"['listen', 'enjoy', 'jelous', 'guy', 'rod', 'stewart']"
"['breaking', 'news', 'job', 'openings', 'america', 'climb', 'faster', 'expected', 'million', 'experts', 'looking', 'decline', 'going', 'win']"
"['abacate', 'allybrooke', 'coming']"
"['damn', 'bitch', 'horny', 'asf']"
"['miss', 'days', 'men', 'went', 'war', 'returned']"
"['love', 'kody', 'daniel', 'right', 'strong', 'blackjoy', 'danniestheory']"
"['like', 'reaches', 'new', 'peak', 'week', 'gaon', 'streaming', 'chart']"
"['found', 'items', 'catalog']"
"['going', 'new', 'weeks', 'level', 'lockdown', 'appreciate', 'release', 'witcher', 'video', 'disassociate', 'listening']"
"['new', 'houston', 'chronicle', 'uh', 'teams', 'trading', 'flights', 'bus', 'rides']"
"['church', 'bradenton', 'florida', 'got', 'raided', 'selling', 'bleach', 'based', 'covid', 'cure', 'lie', 'live', 'television']"
"['constitution', 'masks', 'required']"
"['learning', 'wipe', 'paws']"
"['speaking', 'whispers', 'dinner', 'palm', 'beach', 'recently', 'told', 'friends', 'preparing', 'trump', 'lose', 'latest']"
"['normally', 'takes', 'months', 'message', 'fight', 'break', 'moved', 'need', 'attacked', 'flirted', 'said', 'good', 'bye']"
"['day', 'panther', 'deserves', 'attention', 'charm', 'american', 'ninja', 'films', 'better', 'fight', 'scenes', 'stunt', 'work', 'fun', 'fact', 'second', 'film', 'job', 'hallmark', 'christmas', 'movie', 'director', 'ozploitation']"
"['women', 'table', 'sisters', 'ok']"
"['army', 'census', 'live', 'world', 'btsarmy', 'survey', 'use', 'armycensus', 'let', 'know', 'completed', 'spread', 'word', 'fans']"
"['think', 'sam']"
"['actually', 'finding', 'enjoyment', 'twitter', 'important', 'bucko', 'lol']"
"['called', 'scientists', 'want', 'know', 'beef', 'mines']"
"['wish', 'schools', 'emailed', 'hate', 'waiting']"
"['adam', 'schiff', 'odd', 'amp', 'disbeliever', 'rights', 'witnesses', 'mueller', 'report', 'proven', 'obstruction', 'collusion', 'things', 'going', 'trump', 'guilty', 'investigating']"
"['yes', 'real', 'afro', 'blackgirlmagic']"
"['friends', 'family', 'members', 'happen', 'traveling', 'pandemic', 'tested', 'tell', 'results', 'come', 'play', 'games']"
"['agree', 'man', 'perfect', 'best', 'people']"
"['bring', 'checkbook']"
"['exo', 'baekhyun', 'solo', 'artist', 'receive', 'triple', 'platinum', 'certification', 'gaon', 'txt', 'monsta_x', 'izone']"
"['movie', 'villain', 'vs', 'actual']"
"['mean', 'albums', 'matt', 'shite', 'definitely', 'improve', 'seriously', 'got', 'legacy', 'bud', 'lifetime', 'experience', 'impressed', 'hell', 'outta', 'watching']"
"['kang', 'daniel', 'official', 'public', 'appearance', 'months', 'kangdaniel']"
"['fast', 'wrestle', 'tweet', 'time']"
"['cities', 'african', 'american', 'families', 'goooo']"
"['beg', 'deal', 'man', 'complete', 'footballer']"
"['try', 'dear']"
"['discuss', 'disagree', 'agree']"
"['apologize', 'inconvenience', 'currently', 'known', 'issue', 'team', 'working', 'fix', 'hope', 'soon', 'possible', 'thank', 'patience', 'work', 'solution']"
"['years', 'ago', 'girl', 'randomly', 'blew', 'kisses', 'school', 'want', 'know', 'single', 'night', 'thought']"
"['receiving', 'referrals', 'hospitals', 'taiping', 'muar', 'klang', 'patients', 'heart', 'attack', 'require', 'angiogram', 'told', 'loved', 'ones', 'quit', 'smoking', 'telling', 'ex', 'optional']"
"['ray', 'pregnant', 'dog']"
"['nah', 'definitions', 'defined']"
"['hi', 'tiktok', 'check', 'boomchallenge', 'excited', 'click', 'version']"
"['suck', 'nice', 'choice']"
"['rt', 'good', 'luck']"
"['maybe', 'stop', 'grabbing', 'women']"
"['twitter', 'alexander', 'vindman', 'retweet', 'follow', 'ask', 'know', 'followers', 'let', 'blow']"
['pinned']
"['learn', 'names']"
"['retweet', 'bonk', 'mutuals']"
"['blue', 'lives', 'matter', 'folks']"
"['american', 'student', 'privilege', 'study', 'abroad', 'run', 'country', 'drinking', 'taking', 'pictures', 'monuments', 'loudly', 'opposing', 'new', 'ice', 'visa', 'guidelines']"
"['congrats', 'bros']"
"['matter', 'fact', 'death', 'certificate', 'reviews']"
"['good', 'luck', 'den', 'bro']"
"['watch', 'ways', 'die', 'normal']"
[]
"['fira', 'pcar', 'winwin']"
"['unprecedented', 'times', 'thing', 'clear', 'internet', 'holding', 'nation', 'broadband', 'networks', 'risen', 'occasion', 'need', 'focus', 'connectivity', 'piece']"
"['oh', 'ironies']"
"['stupid', 'useless', 'question', 'coming', 'reporter', 'mooching', 'government', 'teat']"
"['want', 'kids', 'comfortable', 'talking', 'thing', 'think', 'kind', 'trouble', 'mess', 'need', 'mama', 'gon', 'na', 'mad']"
"['fuck', 'tyler', 'perry', 'forever', 'movie', 'idc']"
"['sexually', 'assaulted', 'camera', 'twitter', 'ur', 'thing', 'fired']"
"['phone', 'ring', 'person', 'calls']"
"['ee', 'level', 'following', 'aa', 'age', 'lo', 'simhadri']"
"['elaborate', 'different', 'definitions', 'genuinely', 'asking', 'btw', 'confrontational', 'smart', 'ass', 'question', 'lol', 'got', 'ta', 'disclaimer', 'days']"
"['thought', 'wa', 'obama']"
['look']
['wtf']
"['like', 'super', 'mario', 'bros', 'movie', 'world', 'great', 'nt', 'physics', 'stars', 'collection', 'worst', 'version', 'smb', 'oddysee', 'endgame', 'unbearable', 'golf', 'toadstool', 'tour', 'best', 'spinoff', 'cartoons']"
"['tommorow', 'day']"
"['citizens', 'like', 'place', 'pandemic', 'controlled', 'feel', 'fair']"
"['shits', 'ill', 'pass']"
"['feel', 'like', 'personality', 'trait', 'crying', 'cas', 'misha']"
"['ya', 'girl', 'growing', 'glowing', 'little']"
"['aidan', 'sanditon', 'sanditonpbs', 'savesanditon', 'theojames']"
['sweet']
"['listen', 'exo', 'old', 'songs']"
"['costs', 'rt', 'tweet', 'amp', 'help', 'small', 'black', 'owned', 'business', 'grow', 'blackownedbusinesses', 'handmade', 'smallbusiness']"
['unfriended']
"['need', 'god', 'provide']"
"['follow', 'followed']"
['congratulationsasim']
"['feel', 'good', 'talking']"
"['villain', 'actual']"
"['called', 'dimtim']"
"['happy', 'birthday', 'hannah', 'banana']"
"['struggling', 'thread', 'important', 'remember', 'bad', 'day', 'life']"
"['iv', 'roman', 'friend', 'yeah']"
"['adults', 'bank', 'accounts']"
['great']
"['tried', 'insurrection', 'blm', 'protests', 'cover', 'foreign', 'terrorists', 'attacking', 'soil', 'nationwide']"
"['pray', 'marry', 'family', 'loves', 'love', 'son']"
"['took', 'minute', 'got', 'let', 'know']"
"['better', 'drop', 'ballot', 'numerous', 'recepticals', 'cities', 'purpose', 'stamps', 'required']"
"['lmao', 'hear', 'sagittarius', 'men', 'hard', 'deal', 'especially', 'ones', 'born', 'november']"
"['nurses', 'reusing', 'masks', 'days', 'weeks', 'time', 'doctors', 'reopen', 'offices', 'lack', 'ppe', 'governors', 'scouring', 'suppliers', 'vain', 'gowns', 'gloves']"
"['success', 'means', 'best', 'getting', 'trying', 'triumph', 'personal', 'standard', 'reaching', 'highest']"
"['day', 'time', 'record', 'week', 'run', 'days', 'ntr']"
"['weakest', 'link', 'maybe', 'individuals', 'like', 'think', 'twice', 'jeopardizing', 'life', 'blk', 'men']"
"['wow', 'dr', 'death', 'fauci', 'said', 'today', 'false', 'narrative', 'comfort', 'lower', 'rate', 'guess', 'americans', 'died', 'liking', 'absolutely', 'unacceptable', 'joke', 'lead', 'covid', 'task', 'force', 'having', 'underlying', 'agenda', 'doubt', 'fauciliedpeopledied']"
['thinking']
"['people', 'ruin', 'lol']"
"['epstein', 'gates', 'connection', 'media', 'foreshadowing', 'come']"
"['forex', 'traders', 'talk']"
['quiet']
"['black', 'believe', 'law', 'attraction', 'hoodoo', 'witchcraft', 'etc', 'evil', 'demonic', 'congratulations', 'whitewashed', 'torn', 'roots']"
"['preparing', 'tweet', 'look']"
"['thank', 'king', 'sending', 'love', 'youu']"
[]
"['lost', 'babygurl', 'quran', 'guides']"
"['samsung', 'mobile', 'official', 'instagram', 'update']"
"['viagra', 'covered', 'insurance', 'birth', 'control', 'pills', 'employer']"
"['look', 'bfs', 'cat', 'rubbing', 'head', 'painting', 'drew']"
"['um', 'years', 'old', 'list', 'minors', 'weird', 'makes', 'uncomfortable']"
['dead']
"['hope', 'able', 'share', 'samples', 'review', 'pretty', 'quick']"
"['ultimately', 'choice', 'stan']"
"['bookmail', 'best', 'check', 'gorgeous', 'cover', 'book', 'windshine', 'chronicles', 'asian', 'inspired', 'fantasy', 'read', 'hollow', 'men', 'little', 'ago', 'absolutely', 'loved', 'looking', 'forward', 'thank']"
"['stares', 'multiple', 'copies', 'nintendo', 'games']"
"['comes', 'chilling', 'adventure', 'final', 'chapter', 'coming', 'later', 'year', 'coven', 'forever']"
"['biggest', 'crush', 'god']"
"['new', 'york', 'ya', 'know', 'die', 'things']"
"['harry', 'styles', 'like', 'know', 'place', 'takes', 'rich', 'green', 'forest', 'damp', 'morning', 'dew', 'strolling', 'sidewalk', 'rain', 'begins', 'fall', 'island', 'fringed', 'swaying', 'palms', 'lush', 'compare', 'farmhouse', 'loved', 'longer', 'span', 'min']"
"['showered', 'amp', 'bed', 'pm']"
['yayyyy']
"['surprised', 'high', 'civil', 'war']"
"['checking', 'youtube', 'channel', 'hey', 'know', 'peter', 'videos', 'negatively', 'damaging', 'slandering', 'jeffree', 'star', 'month', 'obsessive', 'jealousy', 'consume', 'seek', 'help']"
"['think', 'snapchat', 'filters', 'influence', 'body', 'dysmorphia', 'bc', 'literally', 'changes', 'eyes', 'nose', 'face', 'shape', 'amp', 'constantly', 'start', 'hating', 'actual', 'appearance', 'ur', 'people', 'complimenting', 'false', 'features', 'ya', 'talking', 'ass']"
"['battle', 'grid', 'copped', 'bout', 'crazy', 'gold', 'ranger']"
"['oops', 'appear', 'forgotten', 'upload', 'commission', 'vee', 'called', 'og', 'file', 'tomatem', 'gt']"
"['simply', 'creepiest', 'creepytrump']"
"['think', 'time', 'finally', 'buy', 'cork', 'board']"
"['single', 'level', 'played', 'tried', 'elevate', 'game', 'definitely', 'grinder', 'mindset', 'scoops', 'letswork', 'gopokes']"
"['let', 'settle']"
"['million', 'views', 'hour', 'lol', 'creepytrump']"
"['sm', 'realize', 'power', 'tyongdong', 'duet', 'song']"
"['good', 'mood', 'deliberate', 'distraction']"
"['eyes', 'tell', 'gonna', 'ost', 'japanese', 'movie', 'watch', 'japan', 'im', 'freaking', 'excited', 'sksjkaksks']"
"['house', 'intel', 'chair', 'adam', 'schiff', 'applauds', 'key', 'impeachment', 'witness', 'lt', 'col', 'vindman', 'ahead', 'retirement', 'amid', 'white', 'retaliation', 'right', 'matters', 'matter', 'trump']"
"['ok', 'going', 'sleep', 'gn']"
"['girl', 'tinashe', 'lol']"
"['let', 'cancel', 'instead', 'thx', 'char']"
"['waldy', 'carbonell', 'man', 'gave', 'finger', 'burned', 'china', 'flag', 'chinese', 'embassy', 'pool', 'defeated', 'journalists', 'chose', 'government']"
"['week', 'krach', 'sent', 'letter', 'business', 'community', 'ccp', 'use', 'slave', 'labor', 'xinjiang', 'entities', 'investing', 'chinese', 'companies', 'moral', 'fiduciary', 'duty', 'expose', 'stakeholders', 'undisclosed', 'risk', 'read']"
"['prahladpuri', 'mandir', 'multan', 'desecrated', 'muslim', 'mob', 'shikhara', 'higher', 'dome', 'adjacent', 'shrine', 'bahauddin', 'zakariya', 'retaliation', 'babri', 'masjid', 'demolished']"
['vish']
['cheer']
['thank']
"['happy', 'hump', 'day', 'extra', 'wide', 'donuts', 'slideways', 'driftnuts']"
['difference']
"['let', 'ideas', 'images', 'minds', 'come', 'generated', 'adyashanti']"
"['vegan', 'mean', 'cruelty', 'free', 'example', 'ex', 'girlfriend']"
['hack']
"['compilation', 'junho', 'celebrated', 'bro', 'birthday', 'treatment', 'love', 'deserve', 'better', 'members']"
"['happy', 'anniversary', 'hero', 'academia', 'thank', 'kohei', 'horikoshi', 'showing']"
"['shoe', 'fits', 'wear']"
"['watching', 'horror', 'movies', 'fun']"
"['sit', 'room', 'people', 'casually', 'debate', 'existence', 'shows']"
"['hello', 'play', 'thank']"
"['lmfao', 'yeah', 'mullets', 'sexy', 'lol', 'ew']"
"['russia', 'possibly', 'paid', 'soldiers', 'murdered', 'afghanistan', 'interested', 'pursuing', 'facts', 'loyalty', 'military', 'americans', 'trump', 'goppartyofputin', 'trumpbodycount']"
"['overhated', 'group']"
"['lack', 'sufficient', 'ppe', 'medical', 'personnel', 'hell', 'expect', 'adequate', 'supplies', 'schools', 'direct', 'result', 'trump', 'failure', 'invoke', 'dpa']"
"['reminder', 'schools', 'germany', 'norway', 'denmark', 'open', 'safely', 'leaders', 'contained']"
"['boycott', 'single', 'business', 'pay', 'compliance', 'removal', 'custom']"
"['anker', 'powercore', 'ii', 'ultra', 'compact', 'portable', 'charger', 'upgraded', 'poweriq', 'output', 'fast', 'charge', 'iphone', 'samsung', 'galaxy', 'compatible', 'quick', 'devices']"
"['boba', 'pearls']"
"['congratulations', 'twin', 'brother', 'glorious', 'military', 'career', 'love', 'bro']"
"['corporate', 'america', 'like', 'tattoos', 'wo', 'professional', 'job', 'let', 'pedophiles', 'racists', 'leading', 'jobs', 'government']"
"['lmaoo', 'probably']"
"['fails', 'hit', 'fr']"
"['depressed', 'miss']"
"['send', 'person', 'hours', 'retweets', 'likes', 'amp', 'follows']"
"['tiger', 'king', 'era', 'quarantine', 'like', 'years', 'ago']"
"['reflecting', 'great', 'memories', 'potus', 'welcomes', 'president', 'obrador', 'celebrate', 'new', 'usmca', 'trade', 'agreement', 'nations', 'bound', 'common', 'values', 'shared', 'love', 'freedom', 'amp', 'deep', 'devotion', 'faith', 'family', 'visit', 'deepen', 'strong', 'friendship']"
"['march', 'amp', 'fox', 'mulder', 'frodo', 'baggins', 'shaun', 'dead', 'ferris', 'bueller', 'sure', 'nt', 'think']"
"['good', 'showing']"
"['exo', 'sc']"
"['beat', 'amp', 'flow', 'wanting', 'hop', 'sunroof', 'car']"
"['calling', 'special', 'magnificent']"
"['think', 'tasha', 'sympathy', 'lost', 'love', 'life']"
"['baddest', 'blue']"
"['national', 'education', 'association', 'president', 'lily', 'eskelsen', 'cnn', 'double', 'dog', 'dare', 'donald', 'trump', 'sit', 'class', 'sixth', 'graders', 'breathe', 'air', 'preparation', 'going', 'bring', 'kids', 'safely']"
"['secret', 'number']"
"['send', 'person', 'hours', 'retweets', 'likes', 'amp', 'follows']"
"['great', 'fanbase', 'army', 'fantastic', 'celebration', 'armyday', 'clip', 'fallonasksbts', 'jimmy', 'asked', 'questions']"
"['country', 'viagra', 'covered', 'insurance', 'question', 'birth', 'control', 'coverage', 'dependent', 'religious', 'ideals', 'employers', 'institutions', 'sounds', 'misogynistic', 'discriminatory', 'irresponsible', 'indicative', 'systemic', 'sexism']"
"['photo', 'reminds', 'story', 'time', 'told', 'sex', 'hat', 'thing', 'let', 'live', 'nevermind']"
['time']
"['think', 'return', 'streaming', 'tomorrow', 'feeling', 'bit', 'retro', 'guess']"
"['johnny', 'nt', 'won', 'wwenxt']"
"['melania', 'trump', 'sculpture', 'slovenia', 'set', 'fire', 'fourth', 'july']"
"['new', 'traders', 'going', 'live', 'answer', 'coins', 'buy', 'questions', 'trading', 'tune']"
"['nosey', 'neighbors', 'maybe']"
"['hello', 'darkness', 'old', 'friend']"
"['hate', 'people', 'wrong', 'actions']"
"['hey', 'guys', 'definitely', 'look', 'trump', 'portsmouth', 'nh', 'rally', 'july', 'reserve', 'ticket', 'fake', 'contact', 'info', 'confirm', 'registration', 'haaate', 'repeat', 'happened', 'tulsa', 'rite', 'wouldnt', 'shame']"
"['kolofane', 'secondary', 'school', 'denilton', 'mpumalanga', 'looking', 'temporary', 'educator', 'contact', 'principal', 'jobseekerssa']"
"['yessir', 'soleus', 'fam', 'thank']"
"['anytime', 'cat', 'like', 'help', 'picture', 'ross', 'asking', 'inside']"
"['attack', 'ad', 'like', 'reality', 'check']"
"['right', 'asking', 'salary', 'grade', 'pay']"
['kingggg']
"['mlsisback', 'baby']"
"['eng', 'sub', 'loonathetam', 'revised', 'subtitles', 'covering', 'dialogue', 'members', 'translated', 'original', 'upload', 'loona']"
"['trying', 'block', 'trend', 'official', 'request', 'twitter', 'guess', 'come', 'let', 'trends', 'list', 'till', 'tomorrow', 'afternoon', 'pubgkholobanchor', 'ptaliftbanonpubg']"
"['real', 'villains', 'actually', 'government', 'officials', 'scientists', 'greenlit', 'program', 'clones', 'order', 'control', 'citizens', 'left', 'underground', 'failed']"
"['school', 'ga', 'winner', 'items', 'pictures', 'rules', 'enter', 'like', 'bts', 'going', 'channel', 'ends', 'august']"
"['demi', 'live', 'like']"
['yeah']
"['teal', 'pink']"
"['shooting', 'guardado', 'working', 'security', 'guard', 'shop', 'lasd', 'deputies', 'reportedly', 'seized', 'possibly', 'destroyed', 'nearby', 'cameras', 'took', 'dvr', 'stores', 'video', 'footage', 'filmed', 'surveillance', 'obtaining', 'warrant']"
"['making', 'sense', 'mavins', 'guys', 'recognized', 'internationally', 'korede', 'bello', 'years', 'left', 'came', 'time', 'come', 'outta', 'conversation', 'pls']"
"['hate', 'police', 'real', 'thugs']"
"['nketiah', 'gt', 'greenwood', 'martinelli', 'saka', 'lmaoo', 'lot', 'having', 'entire', 'academy', 'conveyor', 'belt', 'starboy']"
"['assign', 'slave', 'black', 'family', 'work', 'white', 'guilt', 'whiteguilt']"
"['literally', 'baffles', 'group', 'men', 'kind', 'decision', 'women', 'especially', 'birth', 'control']"
"['woke', 'missing']"
"['cumming', 'time', 'tier', 'sex']"
"['appreciate', 'jhonny', 'continued', 'use', 'hotpants', 'seeing', 'boobs', 'like', 'damn', 'swag', 'ass', 'ally']"
"['hour', 'left']"
"['bobby', 'letting', 'run', 'mo', 'try', 'step', 'closer', 'golden']"
['happened']
"['damn', 'look', 'cute', 'ring', 'finger']"
"['stop', 'fit']"
"['right', 'leave', 'conveyor', 'hold', 'nintendoswitch']"
"['trump', 'rallies', 'source', 'funny', 'life', 'comes', 'ya', 'fast', 'dipshit']"
"['actually', 'long', 'time', 'ago', 'trump', 'standard', 'alleged', 'conservatives', 'hold', 'example', 'reprehensible', 'behavior']"
"['hopes', 'dreams', 'future', 'indigenous', 'communities', 'australia', 'watch', 'listen', 'shared', 'learnenglish', 'esl', 'eal']"
"['garnet', 'game', 'breaking', 'confirmed']"
"['ny', 'phased', 'reopening', 'began', 'goal', 'avoid', 'uptick', 'happening', 'better', 'numbers', 'continue', 'great', 'news', 'new', 'yorkers', 'progress', 'going']"
"['happy', 'army', 'day', 'hope', 'great', 'ahead', 'purple', 'happybirthdayarmy']"
"['real', 'answer', 'usa', 'dgaf', 'killing', 'innocent', 'civilians', 'reason', 'right', 'criticize', 'china']"
"['fbi', 'agents', 'raided', 'home', 'north', 'michigan', 'week', 'investigating', 'sophisticated', 'art', 'forgery', 'ring', 'allegedly', 'tricked', 'connoisseurs', 'buying', 'phony', 'paintings', 'purported', 'american', 'artists']"
"['congrats', 'brother', 'huge', 'una', 'worked', 'class', 'staff', 'nebraska', 'rank', 'good', 'fired', 'player', 'local', 'coach', 'shoals', 'wait', 'build', 'relationships', 'amp', 'players', 'gbr']"
"['hamilton', 'spooky', 'blurryface']"
"['sexually', 'assaulted', 'camera', 'twitter', 'ur', 'thing', 'fired']"
"['like', 'minutes', 'burna', 'boy', 'dassit']"
"['sobbing', 'caos', 'fuck', 'supposed', 'comfort', 'characters']"
"['hom', 'help', 'meeee']"
"['imagine', 'late', 'moment', 'happened', 'people', 'like', 'think', 'gop', 'senators', 'shielded', 'ballot', 'box', 'enabling', 'trump', 'insanity', 'believe', 'fantasy']"
"['political', 'parties', 'governments', 'africa', 'exclude', 'young', 'people', 'meaningful', 'participation', 'governance', 'system', 'recruit', 'fight', 'dangerous', 'wars', 'makes', 'foot', 'soldiers', 'youngpeoplelivesmatter']"
"['infectious', 'countries', 'world', 'moment', 'europe', 'taken', 'measures', 'record', 'speed', 'quicker', 'need', 'stay', 'lockdown', 'manageable', 'levels', 'famous', 'quote', 'trump', 'sad']"
"['good', 'parent', 'nope', 'kids', 'emotionally', 'abused', 'faces', 'secure', 'happy', 'children']"
"['direction', 'love']"
"['wanted', 'steal', 'car', 'ended', 'stealing', 'hearts', 'summer', 'jim', 'carrey', 'jenna', 'fischer', 'crash', 'course', 'love', 'jacked', 'jill', 'fender', 'bender', 'remember']"
"['right', 'now-', 'talking', 'mortgage', 'rates', 'day', 'came', 'circle']"
"['hey', 'guys', 'unity']"
"['player', 'look', 'hot', 'miserable', 'idea', 'play', 'florida', 'mlsisback']"
['spell']
"['faves', 'week']"
['yea']
"['freak', 'like']"
"['carry', 'leaf']"
"['good', 'afternoon', 'months', 'ago', 'sent', 'email', 'roblox', 'star', 'program', 'answered', 'answer', 'anymore', 'waiting', 'response', 'meet', 'requirements', 'await', 'thank']"
[]
"['dumbit', 'patra', 'sukanya', 'figment', 'imagination', 'saheb', 'soni', 'tadipaar', 'truth', 'audio', 'tapes', 'prove', 'listen', 'tonight', 'ask', 'money', 'deals', 'strike', 'quiet']"
['joke']
"['bad', 'idea', 'meeting', 'late']"
"['nt', 'wait']"
['heard']
"['playing', 'hide', 'seek', 'spot', 'good', 'hiding', 'hours']"
"['forgot', 'lil', 'wayne']"
"['gmorning', 'enjoy', 'ur', 'day', 'amp', 'stay', 'safe']"
"['game', 'best', 'nelson', 'throw', 'cory', 'good', 'competitor', 'shot', 'winning', 'money', 'final']"
"['bea', 'bad', 'girl', 'mamma', 'giving', 'good', 'whoopin']"
"['scorpios', 'typical', 'social', 'butterflies', 'usually', 'mixing', 'mingling', 'lot', 'people', 'lives', 'pretty', 'loyal', 'individuals', 'scorpiofacts', 'teamscorpio']"
"['die', 'look', 'like']"
"['new', 'video', 'enemyofthepeople']"
"['think', 'password', 'heaven']"
"['year', 'buddy']"
"['heart', 'eyes']"
"['chill', 'bumps', 'occasions', 'bf']"
"['supposed', 'like', 'come']"
"['cute', 'lei', 'literally']"
"['help', 'find', 'sister', 'missing', 'week', 'half', 'pls', 'retweet', 'philly', 'area']"
"['amp', 'carrds', 'da', 'replies']"
"['sandy', 'creek', 'ga', 'myles', 'rice', 'received', 'offer', 'iona']"
"['smart', 'play', 'saddled', 'shit', 'season', 'decided', 'recast', 'character', 'instead', 'actress', 'shitshow']"
"['henluuu', 'good', 'morning']"
"['applying', 'band', 'aid', 'wrong']"
"['worth', 'reading', 'tweet']"
"['remember', 'eric', 'simple', 'figure', 'vote']"
"['wtf', 'mulan', 'fairy', 'tales']"
"['dam', 'want', 'vegetables']"
"['starplay', 'idol', 'looks', 'best', 'jeans', 'voting', 'marubest', 'voted', 'ios', 'google']"
"['enhancing', 'conversation', 'forget', 'athletes', 'play', 'sand']"
"['yes', 'microsoft', 'brilliant', 'going', 'users', 'happy']"
"['let', 'normalize']"
"['illegal', 'ask', 'question', 'plan', 'country', 'dumpster', 'fire', 'pandemic', 'degree', 'film']"
['trust']
"['residents', 'deaths', 'tied', 'actually', 'tested', 'infection', 'given', 'hydroxychloroquine', 'died', 'completely', 'unethical']"
"['america', 'domestic', 'terrorist', 'gets', 'commuted', 'sentence', 'president', 'bill', 'clinton', 'sit', 'board', 'black', 'civil', 'rights', 'movement', 'group', 'rhetorical', 'know', 'obvious', 'lol']"
"['breaking', 'news', 'united', 'states', 'sets', 'horrifying', 'new', 'world', 'record', 'confirmed', 'cases', 'day']"
"['check', 'new', 'video', 'rancher', 'suse', 'acquire', 'labs', 'devops', 'cloud', 'kubernetes']"
"['cia', 'kept', 'giving', 'intel', 'russia', 'got']"
"['senior', 'dey', 'enjoy']"
"['adults', 'bank', 'accounts']"
"['bro', 'know', 'half', 'world', 'away', 'wanted', 'let', 'matters', 'found', 'dojo', 'insta', 'days', 'feeling', 'like', 'sticking', 'think', 'putting', 'work', 'helps', 'thanks']"
['cowardmodi']
"['energy', 'educate', 'ignorant', 'people', 'god', 'got', 'lot', 'tho']"
"['oh', 'look', 'holy', 'grail', 'model', 'sigh']"
"['making', 'live', 'action', 'peter', 'pan', 'cinematic', 'masterpiece', 'starring', 'celebrity', 'crush', 'jeremy', 'sumpter']"
"['friend', 'muslim', 'rights', 'activist', 'arrested', 'police', 'azamgarh', 'flimsy', 'grounds', 'stand', 'worth', 'mentioning', 'soul', 'spirit', 'purpose', 'muslimlivesmatter', 'releasesharjeelusmani']"
"['omg', 'pic', 'taken', 'days', 'ago']"
"['going', 'send', 'person', 'minutes', 'retweets', 'following', 'throw', 'winner', 'pinned', 'tweet', 'retweeted']"
"['venn', 'diagram', 'people', 'think', 'government', 'control', 'women', 'bodies', 'mask', 'usage', 'circle']"
['xos']
"['uhhh', 'actually', 'youre', 'making', 'excuses', 'bad', 'defender', 'kd', 'feel', 'cause', 'like']"
['tired']
"['learned', 'sign', 'speak', 'deaf', 'mailman']"
[]
"['idea', 'continue', 'rephrasing', 'anymore']"
"['today', 'ohsaa', 'joins', 'iwantaseason', 'awareness', 'campaign', 'encourage', 'student', 'athletes', 'help', 'slow', 'spread', 'post', 'photos']"
"['getting', 'picture', 'guess', 'years', 'working', 'harvard', 'disconnected', 'realities', 'public', 'education', 'maybe', 'experience', 'ed']"
"['absolute', 'prettiest']"
"['trump', 'supporters', 'understand', 'racist', 'homophobic', 'supporting', 'rape', 'fall', 'list', 'respectable', 'viewpoints', 'opinion', 'racism', 'luv']"
"['deep', 'know', 'stingy', 'love']"
"['want', 'coronavirus', 'guidance', 'tough', 'asks', 'responding', 'vp', 'mike', 'pence', 'remarks', 'let', 'based', 'magical', 'thinking', 'pamphlet', 'written', 'president', 'advisers', 'diamond', 'silk', 'says', 'keepingthemhonest']"
"['needs', 'pardonrogerstone', 'deserves', 'suffer', 'fate', 'results', 'corruption', 'came', 'special', 'counsel', 'cabal']"
"['minho', 'proud', 'bf', 'byeeeee']"
['best']
"['subtle', 'narcissism']"
"['missing', 'boy', 'south', 'central', 'huntington', 'park', 'area']"
['cuteeeeeee']
['okis']
"['apparently', 'clinton', 'commuted', 'sentence', 'confirmed']"
"['surprise', 'hope', 'soros', 'big', 'arrest']"
"['second', 'crime']"
"['ke', 'passssso']"
"['idc', 'clothes', 'got', 'white', 'tee']"
"['rescue', 'pitties', 'velcro', 'dogs', 'veteran', 'dad']"
"['hold', 'yoongi', 'calling', 'loves', 'named', 'army']"
"['transitions', 'sick']"
"['girl', 'instead', 'ive', 'chapter', 'shit', 'going']"
"['attack', 'dared', 'state', 'cold', 'hard', 'truth', 'america', 'oldest', 'country', 'invented', 'kinds', 'music', 'western', 'came', 'copycat', 'kpop', 'north', 'korean', 'democrats', 'right', 'oldestmusicever', 'inventedmusic']"
"['watch', 'ways', 'die', 'normal']"
['ranger']
['tx']
"['betsy', 'devos', 'disgrace']"
"['trying', 'smth']"
"['people', 'cliches', 'cares', 'life', 'short', 'italicize', 'oh', 'moment', 'fic', 'hands', 'touch', 'spark', 'stutter', 'confession', 'scream', 'rain', 'words', 'page', 'gives', 'butterflies', 'good', 'job']"
"['breaking', 'reports', 'nearly', 'new', 'cases', 'coronavirus', 'far', 'today', 'biggest', 'increase', 'country']"
"['new', 'york', 'times', 'thank', 'teddy']"
"['forbidden', 'tree', 'knowledge', 'lol']"
"['people', 'forget', 'good', 'prime', 'kendrick', 'perkins']"
"['travel', 'people', 'road', 'rage', 'impatient']"
"['sorry', 'pluto', 'father', 'favoritisim']"
"['dy', 'cm', 'shri', 'raises', 'concerns', 'deletion', 'chapters', 'democracy', 'federalism', 'citizenship', 'nationalism', 'secularism', 'curriculum', 'classes']"
"['wrong', 'questions', 'answer', 'personally', 'going', 'religious', 'cognition', 'research', 'literature', 'helped', 'bonkers', 'read', 'single', 'paper', '--', 'turns', 'freedom', 'big', 'satire', 'way']"
"['somebody', 'taken', 'little', 'great', 'grandsons', 'dog', 'offered', 'let', 'know', 'people', 'share']"
"['gaon', 'half', 'year', 'chart', 'albums', 'neo', 'zone', 'final']"
"['fully', 'operational', 'cdns', 'advise', 'fed', 'government', 'increase', 'gst', 'replenish', 'safety', 'net', 'pay', 'aid', 'provided']"
"['opposed', 'caa', 'means', 'person', 'ok', 'minorities', 'kiiied', 'neighbouring', 'countries', 'justified']"
"['amazing', 'spider', 'man', 'andrew', 'garfield', 'pitched', 'peter', 'parker', 'bisexual', 'fall', 'male', 'mj', 'played', 'michael', 'jordan']"
"['busting', 'ass', 'want', 'anyways']"
"['asking', 'account', 'details', 'nawa']"
"['doj', 'resume', 'executions', 'week', 'time', 'years']"
['magical']
"['trump', 'campaign', 'considers', 'displaying', 'statues', 'future', 'rallies', 'idea', 'discussed', 'white', 'house', 'aides', 'final', 'decision', 'sources', 'familiar', 'planning', 'told', 'news']"
"['evil', 'blm', 'alllove', 'onelove', 'hateful', 'man', 'faith', 'sooner', 'later', 'relative']"
"['california', 'mom', 'sued', 'employer', 'alleging', 'fired', 'working', 'home', 'pandemic', 'boss', 'like', 'kids', 'heard', 'business', 'calls', 'latest']"
"['dozens', 'police', 'serbia', 'brutally', 'beat', 'single', 'protestor', 'drag', 'limp', 'body', 'curb', 'allow', 'vehicles', 'pass']"
"['fucking', 'disgusting', 'demand', 'female', 'officer', 'austin', 'texas', 'pd']"
['interesting']
"['applies', 'use', 'correction', 'like', 'gus', 'bad', 'gathers', 'attention']"
['dawg']
"['lol', 'showed', 'messed', 'things']"
"['time', 'tried', 'roll']"
"['trump', 'commenting', 'old', 'daughter', 'tiffany', 'chest', 'size', 'says', 'got', 'marla', 'legs', 'disturbing', 'laughing', 'like', 'joked', 'epstein', 'love', 'girls', 'younger', 'gross', 'creepytrump']"
"['gn', 'benjy', 'enjoy', 'god', 'schedule']"
"['tdc', 'eternity', 'album', 'months', 'old', 'group', 'little', 'year', 'went', 'platinum', 'today', 'albums', 'thousand', 'copies', 'growth', 'crazy', 'eternitywentplatinum']"
"['best', 'yesterday', 'fight', 'days', 'jackspoem', 'victorscommentary', 'reverendwilliam', 'jaylawedding']"
"['voter', 'feels', 'like', 'symptomatic', 'exposed', 'person', 'encourage', 'utilize', 'curbside', 'voting', 'state', 'director', 'elections', 'keith', 'ingram', 'txlege', 'coronavirus']"
"['canadian', 'media']"
"['mom', 'referred', 'paget', 'girlfriend', 'love', 'song']"
"['checks', 'post']"
"['feet', 'hurt']"
"['oneofakinddoyoung', 'treasure', 'dominate']"
"['fact', 'jungkook', 'produced', 'composed', 'songs', 'year', 'preparations', 'tours', 'album', 'college', 'shooting', 'sexy']"
['heros']
"['world', 'build', 'fly', 'sort', 'girl']"
"['look', 'ones', 'flirting', 'comment', 'pipu', 'know', 'bitter', 'single', 'girl']"
"['feel', 'attacked']"
['stan']
"['communists', 'start', 'digging', 'graves', 'huge', 'numbers', 'afraid', 'killed', 'millions', 'people', 'world']"
"['asked', 'live', 'amp', 'work', 'school', 'southern', 'thailand', 'new', 'case', 'covid', 'days', 'day', 'year', 'olds', 'come', 'wear', 'masks', 'parents', 'complain', 'children', 'tho', 'degrees']"
"['apparently', 'blm', 'nt', 'include', 'black', 'lives', 'taken', 'white', 'said', 'don', 'lemon', 'asked', 'children', 'killed', 'atlanta', 'chicago']"
"['somebody', 'asks', 'nice', 'weekend']"
"['mangs', 'exposed']"
['couple']
"['daft', 'punk', 'cosplay']"
"['person', 'conflate', 'jkr', 'canceled', 'disappointed', 'fans', 'rushdie', 'having', 'fatwa', 'deserves', 'yeeted', 'sun']"
['accurate']
"['deku', 'boyfriend', 'let', 'apply', 'makeup', 'cooks', 'breakfast', 'drives', 'town', 'defends', 'perverts', 'buys', 'gifts', 'takes', 'romantic', 'dinners', 'holds', 'throat', 'tilts', 'head', 'captures', 'lips', 'deep', 'fulsome', 'kiss']"
"['runs', 'self', 'proclaimed', 'social', 'justice', 'organization', 'amp', 'funds', 'dispersed']"
"['noticed', 'cops', 'actually', 'suffer', 'consequences', 'actions', 'disproportionately', 'black', 'officers']"
"['finally', 'speaking', 'facts', 'florida', 'crisis', 'posted', 'reply']"
"['killed', 'monster']"
"['think', 'baby', 'wedding']"
"['allowed', 'question', 'patriotism', 'military', 'veterans', 'like', 'tammy', 'duckworth', 'timothy', 'mcveigh', 'veteran', 'look']"
"['reports', 'record', 'single', 'day', 'spike', 'new', 'coronavirus', 'cases']"
"['hell', 'ur', 'damn', 'mask']"
"['ahhhhhhhhhhhhhh', 'replied', 'lol', 'uset', 'wanna', 'suprise']"
"['thank', 'appreciate']"
"['patton', 'look', 'phone', 'seeing', 'fiance', 'saw', 'picture', 'teared', 'looked', 'felt', 'heart', 'sink', 'shatter', 'took', 'glasses', 'sat', 'bed', 'let', 'tears', 'fall', 'fast', 'thinking']"
"['chanyeol', 'lie', 'said', 'year']"
"['dreadedcone', 'fucks', 'distributes', 'nudes', 'minors', 'literally', 'dozens', 'screenshot', 'receipts', 'confesses', 'continues', 'streaming', 'clear', 'twitch', 'wo', 'waits', 'years', 'reason', 'bans', 'idiot', 'youtuber', 'cancel', 'culture', 'control']"
"['people', 'creepytrump', 'reason']"
['fr']
"['hope', 'california', 'glimmer', 'pro', 'america', 'defiance', 'golden', 'state', 'come', 'sooner', 'crucial', 'juncture', 'free', 'ledger', 'report', 'podcast']"
"['corporate', 'america', 'like', 'tattoos', 'wo', 'professional', 'job', 'let', 'pedophiles', 'racists', 'leading', 'jobs', 'government']"
"['efd', 'alerted', 'palisade', 'ave', 'englewood', 'nj', 'reported', 'activated', 'fire', 'alarm']"
"['learn', 'names']"
"['tonight', 'spoke', 'counterparts', 'hongkong', 'discussed', 'new', 'national', 'security', 'law', 'threat', 'poses', 'basic', 'rights', 'amp', 'freedoms', 'guaranteed', 'joint', 'declaration', 'china', 'live', 'promises']"
"['ayo', 'periferal', 'vision', 'seeing', 'streaks', 'black', 'scared', 'yo']"
"['pregnancy', 'risky', 'nigga', 'worship', 'ground', 'walk', 'carrying', 'seed']"
"['today', 'scotus', 'ruled', 'employer', 'university', 'choose', 'birth', 'control', 'coverage', 'basic', 'health', 'care', 'people', 'impacted', 'terrible', 'ruling', 'women', 'young', 'color', 'community']"
"['girl', 'drop', 'skincare', 'routine', 'glowing']"
"['rad', 'uptrend', 'advancing', 'consecutive', 'days', 'july', 'view', 'odds', 'indicators', 'riteaid', 'stockmarket', 'stock', 'technicalanalysis', 'money', 'trading', 'investing', 'daytrading', 'news', 'today']"
"['end', 'dropping', 'like', 'gig', 'download']"
"['breaking', 'shepard', 'smith', 'joins', 'cnbc', 'anchor', 'new']"
"['got', 'better', 'things', 'cry', 'joke']"
"['stan', 'twitter', 'stans', 'tell', 'wendy', 'yeri', 'individual', 'videos', 'uploaded', 'youtube', 'struggling', 'achieve', 'views', 'stop', 'labelling', 'disgusting', 'fake']"
"['weller', 'special', 'reserve', 'hard', 'find', 'expensive', 'evan', 'williams', 'bottled', 'bond', 'good', 'low', 'price']"
"['know', 'government', 'funds', 'viagra', 'men', 'million', 'dollars', 'yearly', 'wo', 'fund', 'birth', 'control', 'women', 'actively', 'tries', 'defund', 'planned', 'parenthood', 'provides', 'affordable']"
"['great', 'fanbase', 'army', 'fantastic', 'celebration', 'armyday', 'clip', 'fallonasksbts', 'jimmy', 'asked', 'questions']"
"['army', 'day']"
"['congrats', 'exciting', 'new', 'technology', 'introduced']"
"['teach', 'history', 'fire', 'nation']"
"['denying', 'access', 'contraception', 'essential', 'healthcare', 'today', 'decision', 'puts', 'hands', 'employers', 'government', 'dangerous', 'cruel']"
"['rewatched', 'iland', 'ep', 'seon', 'niki', 'snakes']"
"['believe', 'jeon', 'jungkook', 'actually', 'exists']"
"['happy', 'bts', 'armyday']"
"['summer', 'feelings']"
"['costs', 'rt', 'tweet', 'amp', 'help', 'small', 'black', 'owned', 'business', 'grow', 'blackownedbusinesses', 'handmade', 'smallbusiness']"
"['lovers', 'dangerous', 'time']"
"['quit', 'playing', 'emotions', 'bro']"
"['taylor', 'swift', 'best', 'thing', 'happened', 'love', 'entire', 'heart']"
"['wish', 'delete', 'feelings', 'fr']"
[]
"['asked', 'results', 'biden', 'sanders', 'task', 'forces', 'says', 'msnbc', 'compromises', 'platform', 'elected', 'progressive', 'president', 'fdr']"
"['newest', 'design', 'love', 'came', 'hat', 'match', 'hope', 'loves', 'acnh', 'acnhdesign', 'animalcrossingnewhorizons']"
"['said', 'hiii', 'jen']"
"['goal', 'sleep', 'schedule', 'good', 'time', 'sheet', 'mask', 'morning']"
"['daily', 'reminder', 'news', 'fake']"
"['realized', 'painted', 'angels', 'welp']"
"['hello', 'new', 'batwoman']"
"['far', 'truth']"
"['surpassed', 'copies', 'pre', 'order']"
"['nicer', 'blabber', 'bad', 'sticking', 'little', 'time', 'blunter']"
"['everybody', 'coming', 'quarantine', 'business', 'love']"
"['itching', 'travel', 'hate']"
"['policewoman', 'took', 'lebo', 'statement', 'asked', 'thinks', 'fair', 'send', 'man', 'physically', 'sexually', 'assaulted', 'jail', 'big', 'fuck', 'saps', 'justiceforlebo']"
"['zac', 'zayn', 'man']"
"['favourite', 'person', 'thank', 'matter', 'happen', 'best', 'listener', 'sad', 'tired', 'annoying', 'clingy', 'attitude', 'staying', 'appreciate']"
"['president', 'trump', 'tucker', 'carlson', 'clearly', 'intimidated', 'strong', 'female', 'leaders', 'like', 'friend', 'honor', 'love', 'country', 'pinky', 'finger']"
"['home', 'early', 'going', 'quick', 'shower', 'nice', 'bowl', 'thin', 'spaghetti', 'shrimp', 'garlic', 'parsley', 'olive', 'oil', 'grown', 'cherry', 'tomatoes', 'note', 'lost', 'patients', 'today', 'grateful']"
"['send', 'person', 'hours', 'retweets', 'likes', 'amp', 'follows']"
['miss']
['ggoodnight']
"['proof', 'speculation', 'based', 'bunch', 'inferences', 'true']"
['screaming']
"['second', 'read', 'mgs', 'sensitivity', 'curious', 'learn', 'folks', 'averse', 'metal', 'gear', 'solid']"
"['ok', 'tweaked', 'monster', 'hunter', 'settings', 'stream', 'good', 'thinking', 'continue', 'dark', 'souls', 'randomizer', 'use', 'run', 'time']"
['aight']
"['yes', 'normalize', 'therapy', 'affordable', 'far', 'people', 'turn', 'away', 'visit', 'costs', 'hundreds', 'dollars', 'mental', 'health', 'care', 'luxury', 'item']"
"['pretty', 'cute']"
"['scream', 'halloween', 'kills', 'set', 'released', 'time', 'film', 'series', 'year']"
"['voted', 'tory', 'government', 'heartbreaking', 'corbyn', 'momenun', 'fault']"
"['ur', 'favorite', 'game']"
"['compare', 'amp', 'social', 'media', 'strategies', 'andrews', 'blocks', 'genuine', 'leader', 'reviews', 'criticism', 'objectively', 'adjusts', 'behaviour', 'accordingly', 'simply', 'gives', 'mildest', 'critique', 'real', 'auspol']"
"['going', 'send', 'person', 'minutes', 'retweets', 'following', 'throw', 'winner', 'pinned', 'tweet', 'retweeted']"
"['shall', 'armyday', 'ourpurpleday']"
"['sorry', 'respond', 'losing', 'fucking', 'mind']"
['transformers']
"['hope', 'join', 'host', 'roundtable', 'discussion', 'scholarship', 'activism', 'food', 'studies', 'featuring', 'scholar', 'activists', 'community', 'organizers', 'molly', 'anderson-', 'twitter', 'conference']"
"['excuse', 'makes', 'solid', 'product', 'entertainer', 'morals', 'skewed', 'personality', 'brand', 'focused', 'business', 'people', 'judgemental', 'think', 'changed']"
"['want', 'relationship', 'nt', 'bs', 'tht', 'come']"
"['huhuhu', 'oh', 'ghad', 'mj', 'mjamieiscoming', 'proud']"
"['bm', 'revealed', 'lost', 'virginity', 'fucking', 'vlive']"
"['normalize', 'bullying', 'men', 'leave', 'toilet', 'seat']"
"['utitex', 'busted', 'impostulating', 'seeking', 'tremble']"
['lmfaooooooooooo']
"['lol', 'hhayi', 'trauma', 'year', 'phela', 'bet', 'lost', 'alot', 'money']"
"['need', 'lo', 'celso', 'forward', 'role']"
"['nice', 'medieval']"
['lmfaoooo']
"['love', 'jin', 'guangyao', 'think']"
"['big', 'day', 'phyllis', 'bigger', 'employer', 'bride']"
['sensible']
"['retweet', 'tweet', 'chance', 'followed', 'following', 'people']"
"['manifestation', 'real', 'visualizing', 'placing', 'element', 'daily', 'basis', 'power', 'tongue']"
"['feel', 'like', 'fuccin', 'wit', 'mind']"
"['thing', 'sleep']"
['sexy']
"['pedroli', 'keyboard', 'half', 'letters', 'worn', 'belonged', 'newseum', 'stories', 'tell']"
"['reasons', 'inlove', 'series', 'gameboystheseries']"
"['combo', 'colder', 'ac', 'hotel', 'room']"
"['nashville', 'got', 'hella', 'covid', 'cases', 'warn', 'lol']"
"['filter', 'picture', 'turned', 'pretty', 'lit', 'intended']"
"['foreigners', 'attend', 'great', 'colleges', 'amp', 'want', 'stay', 'thrown', 'country']"
"['shame', 'got', 'screen', 'time', 'anime', 'great', 'character']"
['follow']
"['hmm', 'today', 'log', 'demon', 'souls', 'private', 'server', 'immediately', 'firestorm', 'glitched', 'death']"
"['oh', 'ready', 'bank', 'account', 'hand']"
"['playing', 'ennio', 'morricone', 'theme', 'battle', 'algiers']"
"['nct', 'jp', 'official', 'twitter', 'update', 'jaemin']"
"['eyes', 'tell', 'produced', 'jungkook', 'ost', 'new', 'japanese', 'film']"
"['definitely', 'dead', 'alive', 'time', 'favorite', 'movies']"
"['buy', 'stack', 'lil']"
"['normalize', 'jumping', 'rapists']"
"['excuse', 'need', 'answer']"
['congratulations']
"['follow', 'retweets', 'likes']"
"['pretty', 'smart', 'waste', 'young', 'heart']"
"['roger', 'stone', 'disproportionately', 'bear', 'burden', 'corrupt', 'mueller', 'investigation']"
"['maybe', 'goddamn', 'bleeding', 'heart', 'liberal', 'hippie', 'definitely', 'pay', 'fries', 'meant', 'person', 'making', 'work', 'jobs', 'survive']"
"['help', 'nigga']"
"['wpc', 'dmd', 'gilligan', 'island', 'cc', 'register', 'value', 'active', 'display', 'scanline', 'diagnostic', 'led', 'page', 'pinball']"
"['maybe', 'allowed', 'base']"
['awesome']
"['getting', 'ready', 'absolutely', 'reason', 'everyday']"
"['e_radious', 'pti', 'reacts', 'stephen', 'jackson', 'defending', 'desean', 'comments', 'despite', 'apology']"
"['ilhan', 'omar', 'congress', 'jail', 'immigration', 'fraud', 'marrying', 'brother', 'income', 'tax']"
"['big', 'horn', 'sheep', 'high', 'rockies', 'love', 'seeing', 'rams', 'chase', 'people', 'heard', 'luckily', 'july', 'trailridgeroad', 'bighorn', 'colorado']"
"['talks', 'yoongi', 'curly', 'amp', 'red', 'hair', 'bandanas']"
"['heart', 'like', 'dog', 'problems']"
"['let', 'pretend', 'read']"
"['bothering', 'place', 'zuko', 'voice', 'actor', 'tho', 'sure', 'recognised', 'realised', 'rufio', 'hook', 'makes', 'sense', 'favourite', 'films', 'circle', 'moment']"
"['baby', 'wanna', 'fuck', 'como', 'akon']"
"['voters', 'choice', 'democrat', 'policies', 'support', 'bail', 'releasing', 'prisoners', 'en', 'masse', 'defunding', 'police', 'charging', 'racism', 'opposition', 'pandering', 'blm', 'republican', 'fair', 'tough', 'enforcement', 'laws', 'system', 'government']"
"['smack', 'child', 'meet', 'god', 'sooner', 'think']"
"['baby', 'light', 'like']"
"['thought', 'voice', 'reason']"
"['anybody', 'manifesting', 'cause', 'pack', 'spennanight', 'bag', 'right', 'fuckin']"
"['america', 'children', 'return', 'school', 'roger', 'stone', 'date', 'prison']"
"['having', 'overlooked', 'times', 'ignorance', 'god', 'declaring', 'men', 'people', 'repent', 'acts', 'nasb']"
"['bibitty', 'bobitty', 'boop']"
"['mark', 'words', 'million', 'americans', 'infected', 'dead']"
['island']
"['know', 'lee', 'stayselcaday', 'staystreamingday', 'straykids']"
"['tomorrow', 'find', 'scotus', 'require', 'trump', 'taxes', 'turned', 'congress', 'manhattan', 'da', 'cy', 'vance', 'sort', 'big', 'moment', 'country']"
"['years', 'ago', 'homeless', 'sleeping', 'car', 'showering', 'gym', 'wondering', 'meal', 'come', 'today', 'officially', 'homeowner']"
"['tf', 'cares', 'remembers', 'niggas', 'dying', 'broke', 'trying', 'dealing', 'oppression', 'life']"
"['net', 'worth', 'congress', 'years', 'highest', 'salary', 'current', 'earned', 'extra', 'come']"
"['catch', 'virgin', 'airlines', 'sex']"
"['nelson', 'cry', 'happening', 'season']"
"['twitter', 'having', 'liking', 'shit', 'looked']"
"['anpanman', 'famous', 'self', 'sacrifice', 'charity', 'character', 'japan', 'eyes', 'thanks', 'comment', 'nice', 'day']"
"['rightwards', 'arrow', 'star', 'risen', 'sign', 'horns', 'years', 'boy', 'sensation', 'boxoffice', 'fire', 'shattered', 'records', 'simhadri']"
"['looks', 'like', 'finally', 'bat', 'game']"
"['fuck', 'nice', 'day']"
"['attraction', 'powerless', 'interaction']"
['supporting']
"['message', 'man', 'built', 'presidency', 'hate', 'amp', 'conspiracy', 'theories', 'lovewins']"
"['sacred', 'obligation', 'government', 'troops', 'safe', 'send', 'battle', 'care', 'come', 'home', 'need', 'president', 'honor']"
"['changsub', 'plan', 'btob', 'minhyuk', 'yooksungjae', 'peniel', 'eunkwang', 'hyunsik', 'ilhoon', 'kimsohyun']"
"['wow', 'crazy']"
"['republic', 'stands', 'brink', 'destruction', 'saving', 'option']"
"['yeeessssh', 'dude', 'coming', 'throat']"
"['sure', 'tasks', 'complete', 'bed', 'stop', 'pm', 'nights', 'use', 'app', 'fab', 'story', 'night', 'routine', 'spend', 'hour', 'ticking', 'setting', 'alarm']"
"['happy', 'birthday', 'adorable', 'representative', 'youth', 'btsarmy', 'bts']"
"['point', 'need', 'realize', 'people', 'negativity', 'wo', 'stop', 'purpose']"
"['worlds', 'colliding']"
"['beginning', 'july', 'testing', 'site', 'alameda', 'fairgrounds', 'open', 'monday', 'friday', 'capacity', 'reached', 'noon', 'sign', 'posted', 'gate', 'entrance', 'residents', 'dublin', 'pleasanton', 'livermore']"
"['sad', 'boi', 'hours']"
"['queen', 'ok']"
"['thank', 'god', 'happened', 'democratic', 'party', 'maybe', 'look', 'socialist', 'disaster']"
"['tag', 'senator', 'forgive', 'wo', 'forget', 'sure', 'video']"
"['unwilling', 'adopt', 'strategy', 'provide', 'financing', 'sure', 'safely', 'kids', 'die', 'teachers', 'staff', 'republicans', 'incompetent', 'refuse', 'accept', 'reality', 'sociopaths']"
"['lose', 'shit', 'bm', 'goes', 'viral', 'dumb', 'kpoppies', 'like', 'kards', 'manager', 'managing', 'locked']"
"['true', 'ivy', 'league', 'students', 'come', 'live', 'campus', 'restricted', 'social', 'contact', 'online', 'classes', 'etc']"
"['twitter', 'alexander', 'vindman', 'retweet', 'follow', 'ask', 'know', 'followers', 'let', 'blow']"
"['hello', 'promoting', 'site', 'handmade', 'masks', 'sale', 'filters', 'built', 'custom', 'phrases', 'logos', 'listing', 'designs', 'adding', 'combos', 'soon']"
"['actually', 'giving', 'mans', 'presidential', 'run', 'attention']"
"['changed', 'tactic', 'casually', 'dropping', 'bombs', 'truth', 'conversation', 'continuing', 'like', 'thing', 'days', 'weeks', 'road', 'contact', 'ask', 'information']"
"['upset', 'remember', 'mercury', 'square', 'mars', 'universe', 'testing', 'right', 'let', 'anger', 'bigger', 'picture', 'lesson', 'learned', 'feeling', 'way', 'reason']"
"['plus', 'wotc', 'retail', 'player', 'handbook', 'want', 'use', 'dnd', 'physical', 'copy', 'book', 'come', 'code', 'offical', 'app', 'customers', 'pay', 'product', 'twice']"
"['sending', 'people', 'retweet', 'amp', 'like', 'drop', 'cashapp', 'zelle', 'apple', 'pay']"
"['federal', 'government', 'decide', 'nys', 'schools', 'reopen', 'state', 'decision', 'based', 'science', 'data', 'announced', 'week', 'august']"
"['entitlement', 'low', 'paying', 'labor', 'physical', 'mental', 'government', 'displays', 'teachers', 'profession', 'female', 'reflection', 'power', 'feel', 'health', 'women', 'general']"
['target']
"['like', 'impossible', 'separate', 'jiwon', 'hayoung', 'power', 'main', 'vocalists']"
"['kanye', 'west', 'clearly', 'needs', 'help', 'fans', 'support', 'contributing', 'downfall']"
"['speech', 'harper', 'disagrees', 'allowed', 'riots', 'destroyed', 'blm', 'big', 'mistake', 'separating', 'rioters', 'killed', 'harmed', 'anarchy', 'want', 'shut']"
"['james', 'garcia', 'killed', 'phoenix', 'pd', 'july', 'americans', 'trust', 'police', 'need', 'transparency', 'release', 'body', 'cam', 'footage', 'incident', 'asap', 'family', 'community', 'demand', 'justice', 'accountability']"
"['seen', 'bad']"
"['completely', 'destroy', 'united', 'states']"
"['difference', 'clear', 'almighty', 'allah', 'reward', 'abodently']"
"['stop', 'sharing', 'thisss']"
"['thinking', 'time', 'little', 'cousin', 'took', 'dads', 'card', 'charged', 'games', 'add', 'ons', 'kids', 'evil']"
"['boyfriend', 'passed', 'away', 'friday', 'morning', 'fighting', 'cancer', 'october', 'grateful', 'peace', 'hard', 'having', 'anymore', 'year', 'anniversary', 'month', 'day', 'hope', 'gets', 'easier']"
"['big', 'wins', 'religious', 'freedom', 'scotus', 'today', 'americans', 'faith', 'assured', 'president', 'obama', 'biden', 'assault', 'liberty', 'stand', 'american']"
"['blow', 'mins', 'stretch', 'week', 'know', 'balance']"
"['live', 'place', 'covid', 'rates', 'low', 'numbers', 'far', 'actually', 'makes', 'sense', 'open', 'schools', 'september', 'reasonable', 'precautions', 'big', 'important', 'terrifies', 'places', 'cases', 'day', 'acting']"
"['peak', 'fiction', 'incoming']"
"['heard', 'band', 'like', 'sounds', 'maybe']"
"['wo', 'help', 'reported', 'fan', 'account', 'ur', 'bio']"
"['chinese', 'street', 'fashion', 'week', 'ready']"
"['want', 'toxic', 'love', 'story', 'damaged', 'pure', 'genuine', 'leave', 'amp', 'thank']"
"['film', 'proved', 'age', 'experience', 'hero', 'director', 'barrier', 'making', 'blockbuster', 'creating', 'bo', 'records', 'acting', 'direction', 'deadly', 'combo', 'simhadri']"
['favs']
"['def', 'got', 'ta']"
"['murder', 'hornets', 'pan']"
"['feeling', 'better', 'babe', 'thank', 'love', 'ily']"
"['hey', 'heads', 'passed', 'legal', 'ability', 'discriminate', 'trans', 'people', 'medically', 'immediately', 'denied', 'coverage', 'hormones', 'years', 'doctor', 'writing', 'appeal', 'shit', 'threat']"
"['takes', 'question', 'patriotism', 'brothers', 'sisters', 'twit']"
"['kobe', 'keenan', 'kel']"
"['movie', 'villain', 'real']"
"['kanye', 'blasting', 'whites', 'planned', 'parenthood', 'remember', 'white', 'folks', 'supporting', 'keeping', 'pph', 'alive', 'democrats', 'republicans', 'want', 'rid', 'abortion', 'mill']"
"['lmaoo', 'ty', 'tien', 'appreciate', 'lot']"
"['summer', 'bop', 'service', 'lay']"
"['ivy', 'right']"
"['better', 'scared', 'girl']"
"['start', 'labeling', 'people', 'race', 'white', 'men', 'let', 'consistent', 'different', 'matter', 'skin', 'color', 'ethnicity']"
"['moment', 'history']"
"['audacity', 'women']"
"['silly', 'research', 'style', 'posts', 'cotc']"
"['haha', 'totally', 'customer', 'tak', 'percaya', 'pulak']"
['otwhhh']
"['eartha', 'kitt', 'flee', 'hemisphere', 'years', 'criticized', 'vietnam', 'war', 'white', 'house', 'luncheon', 'blacklisted', 'hollywood', 'help', 'cia', 'wrote', 'dossier', 'calling', 'sadistic', 'nymphomaniac', 'cancel', 'culture']"
"['think', 'learning', 'sign', 'language', 'compulsory', 'school', 'curriculum', 'able', 'communicate', 'deaf', 'individuals']"
"['people', 'want', 'forced', 'kansas', 'counties', 'reject', 'governor', 'mask', 'mandate']"
"['thanks', 'especially', 'erin', 'newkirk', 'john', 'schoenig', 'arranging', 'evening', 'happy', 'school', 'named', 'boss', 'mother']"
"['present', 'real', 'cultural', 'reset', 'sope', 'airplane', 'dance', 'break']"
"['flash', 'giveaway', 'prize', 'renewal', 'retail', 'coupon', 'enter', 'follow', 'rt', 'post', 'ends', 'hour']"
"['explain', 'lost', 'games', 'row']"
"['need', 'explain', 'think']"
"['look', 'unknown', 'shit']"
"['posting', 'guy', 'im']"
"['pls', 'rt', 'girl', 'raped', 'school', 'boys', 'grade', 'calling', 'clout', 'chaser', 'video', 'recorded', 'slut', 'shamed', 'told', 'leave', 'help', 'justice', 'sign', 'petition']"
"['smile', 'red', 'heart', 'heartthrob', 'fans']"
"['omg', 'thimothee', 'chalamet']"
"['random', 'user', 'retweets', 'tweet', 'minutes', 'following', 'amp']"
"['minor', 'inconvenience']"
"['better', 'way', 'end', 'best', 'series', 'mambaforever', 'bestoflakersceltics']"
"['process', 'outcome']"
"['swear', 'god', 'fine', 'bitches']"
['thanks']
"['adlers', 'msby']"
['lovely']
"['free', 'dawgs']"
"['horrible', 'friend', 'irreplaceable', 'friends', 'compensate', 'outgrowing', 'toxic', 'friendships', 'life', 'amazing', 'find', 'worthwhile', 'talk', 'appreciate']"
"['big', 'news', 'coming']"
"['died', 'reading', 'thanks']"
"['vegan', 'knowing', 'arthur', 'morgan', 'meat', 'exist']"
"['star', 'good', 'doggo', 'freddie', 'proudly', 'returning', 'morrisons', 'giffnock', 'hi', 'family', 'happy', 'store', 'smile', 'crossingfrancise', 'cherrybomb', 'cheering', 'boring', 'day', 'hoping', 'raise', 'awareness', 'charity']"
"['gave', 'wrong', 'hehe', 'hold']"
"['liberals', 'worried', 'cancel', 'culture', 'actually', 'defend', 'ideas']"
"['like', 'canceling', 'everyday', 'lmao']"
"['joking', 'like', 'koya']"
"['missed', 'public', 'service', 'opportunity', 'sending', 'cohesive', 'state', 'community', 'oriented', 'message', 'failure', 'leadership']"
"['called', 'lazy', 'ur', 'having', 'bad', 'mental', 'health', 'day', 'infuriating', 'thing', 'fucking', 'physically', 'motivation', 'strength']"
"['confident', 'komarambheemntr']"
"['hi', 'luv']"
['gorgeous']
"['durmstrang', 'ravenclaw', 'soonhoon']"
"['good', 'thank', 'asking']"
"['address', 'timbers', 'drive', 'wondering']"
['nevies']
"['good', 'morning']"
"['sure', 'want', 'ice', 'cream']"
['hungrier']
"['trump', 'care', 'kids', 'school', 'jeffrey', 'epstein', 'house']"
"['hate', 'hurt', 'character', 'development', 'improve', 'ways']"
['yeah']
"['going', 'listen', 'sth', 'motivates', 'hyped', 'running', 'maybe', 'happy', 'calm', 'rock', 'metal', 'itcould', 'opera', 'specifically', 'single', 'person', 'street', 'opponent']"
"['yes', 'dead']"
"['friends', 'passed', 'away', 'young', 'age', 'ai', 'forget', 'bout']"
['embarrassing']
"['biden', 'campaign', 'staffer', 'claims', 'yes', 'direct', 'funding', 'away', 'police', 'departments', 'activist', 'asked', 'saying', 'exactly', 'said']"
['clueless']
"['allah_is_kabir', 'hazrat', 'musa', 'ji', 'knowledge', 'al', 'khidr', 'means', 'allah', 'kabir', 'bakhabar', 'sant', 'rampal', 'maharaj']"
"['vvv', 'proud', 'hooman']"
[]
"['want', 'hash', 'browns']"
"['context', 'deeply', 'ignorant', 'especial', 'festivals', 'carnaval', 'men', 'exclusively', 'gay', 'heterosexual', 'dress', 'women', 'typical', 'outfits', 'dance', 'morenada', 'moms', 'town', 'parotani', 'annually']"
"['spoiler', 'alert', 'heroesrisingspoilers', 'talk', 'deep', 'feral', 'sero', 'voice', 'got', 'attack', 'baku', 'heart', 'broken', 'scared', 'said', 'movie', 'bakusero', 'rights', 'bravery', 'specifically', 'serobaku']"
"['vote', 'mail', 'create', 'chaos', 'distrust', 'november']"
"['reminder', 'schools', 'germany', 'norway', 'denmark', 'open', 'safely', 'leaders', 'contained']"
"['look', 'learn', 'know', 'suddenly', 'lose', 'control']"
"['years', 'ago', 'people', 'thought', 'rude']"
"['time', 'cubs', 'fans', 'forget', 'tenure', 'measured', 'minutes']"
"['let', 'griping', 'begin']"
"['hennessy', 'la', 'coca', 'sin', 'corte', 'fuck', 'si', 'termino', 'en', 'ma', 'bitch', 'come']"
"['fckin', 'retard', 'wa', 'narri']"
"['miss', 'officer', 'kendo', 'southstrong']"
"['tal', 'spoiler']"
"['trump', 'garbage']"
"['quit', 'forcing', 'shit', 'work']"
"['frustrating', 'aspect', 'industry', 'good', 'social', 'media', 'combination', 'skill', 'acting', 'dumb', 'luck', 'control', 'plenty', 'excellent', 'working', 'actors', 'small', 'numbers']"
"['stickler', 'rules']"
"['right', 'thing']"
['speak']
"['girl', 'forgot', 'sees', 'self']"
"['intimacy', 'maintaining', 'connection', 'absence', 'sex']"
"['need', 'unitedwestand']"
"['think', 'learning', 'sign', 'language', 'compulsory', 'school', 'curriculum', 'able', 'communicate', 'deaf', 'individuals']"
"['true', 'haha']"
"['fire', 'cop', 'arrest', 'sexual', 'assault']"
"['lol', 'definitely', 'know']"
"['new', 'report', 'says', 'pharma', 'raised', 'prices', 'hundreds', 'drugs', 'pandemic', 'proof', 'time', 'lower', 'rx', 'costs', 'bipartisan', 'prescription', 'drug', 'bill', 'coronavirus', 'relief', 'dems', 'stop', 'caring', 'election', 'yr', 'politics', 'patients']"
"['sorry', 'man', 'community', 'hope', 'alright']"
"['exo', 'sc', 'billion', 'views', 'surpasses', 'pre', 'orders', 'sehun', 'chanyeol', 'exo_sc']"
"['guys', 'wtf', 'yes']"
"['seeing', 'report', 'ppl', 'arrested', 'defending', 'protesters', 'stopping', 'cars', 'masses', 'attacking', 'car', 'amp', 'threatening', 'painting', 'ovr', 'words', 'vandalism']"
"['hate', 'attitude', 'like', 'wtf', 'mad']"
"['watching', 'repeat']"
"['amp', 'hoes', 'handle', 'lil', 'sugar']"
"['america', 'birth', 'control', 'unaffordable', 'abortion', 'inaccessible', 'fired', 'having', 'kids']"
"['years', 'betsy', 'devos', 'need', 'secretary', 'education', 'actually', 'public', 'school', 'educator']"
['ais_life']
"['watch', 'ways', 'die', 'normal']"
"['stay', 'strong', 'wes']"
"['bts', 'taehyung', 'earns', 'chrissy', 'teigen', 'new', 'celebrity', 'fan', 'find']"
"['alberta', 'ndp', 'truly', 'awful', 'opposition', 'ableg']"
"['english', 'spanish', 'version']"
"['ankles', 'hurt', 'bad', 'af']"
"['good', 'thread', 'george', 'floyd', 'complaining', 'breathing', 'problems', 'long', 'chauvin', 'knee', 'video', 'went', 'viral', 'showing', 'death', 'completely', 'removed', 'context']"
"['stated', 'today', 'portland', 'police', 'downtown', 'businesses', 'suffered', 'estimated', 'damages', 'result', 'weeks', 'violent', 'protests', 'antifa', 'blm']"
"['ew', 'fuckface', 'mccreeperhair', 'podium', 'cosifantutte']"
"['junim', 'han', 'forever', 'terrify']"
"['fucking', 'bored', 'need', 'new', 'people', 'talk', 'hmu']"
['wheeew']
"['way', 'argue', 'trusting', 'experts', 'smartest', 'play', 'hiding', 'basement', 'year']"
"['unite', 'right']"
"['watched', 'txt', 'bts', 'interactions', 'videos', 'msjtikf', 'acts', 'like', 'uncles', 'lmaotmfn', 'jungkook', 'finally', 'got', 'calls', 'hyung', 'mature', 'lmaoooo']"
"['baby', 'heart', 'safe']"
"['normalize', 'pitting', 'powerful', 'women', 'eachother']"
"['white', 'people', 'pay', 'crimes', 'years', 'ago', 'daca', 'kids', 'parents']"
"['oomf', 'rt', 'single', 'tweets', 'thread']"
['facts']
"['forget', 'babs', 'fifi', 'shirley', 'loon', 'tinytoonadventures']"
"['fr', 'want', 'skating', 'tonight']"
"['dj', 'vlad', 'black', 'wife', 'lmaoooo', 'wonder', 'types', 'feel', 'talk', 'shit', 'people']"
"['daddy', 'cpus']"
"['montana', 'described', 'mr', 'krabs', 'shell']"
"['try', 'kind', 'know', 'anons', 'including', 'come', 'little', 'edgy', 'times', 'remember', 'fighting', 'wake', 'masses', 'responsibly', 'assume', 'time', 'new', 'eyes', 'cared', 'look', 'scare', 'away', 'people', 'need', 'guided']"
['wise']
['agreed']
"['slept', 'old', 'dudes', 'ass']"
"['messi', 'goal', 'vs', 'bayern', 'tweeted', 'sports', 'moment', 'tweets', 'minute']"
